{"type":"FeatureCollection","features":[{"type":"Feature","properties":{"id":"F8_0","routeId":"F8","routeName":"CD Hidalgo","direction":"ida","directionIndex":1,"color":"#FFC800","casingColor":"#222222","transportType":"bus","name":"Ida","geometrySource":"official-kml-explicit-coordinates","matchingEngine":"none"},"geometry":{"type":"MultiLineString","coordinates":[[[-100.7399151,19.6814675],[-100.7399201,19.6813408],[-100.740018,19.6806895],[-100.7401259,19.6800832],[-100.7401339,19.6799476],[-100.7401418,19.6797939],[-100.7401286,19.6794598],[-100.7400501,19.6792528],[-100.7399049,19.6790554],[-100.7397609,19.6789301],[-100.7397509,19.6789214],[-100.739425,19.678771],[-100.7389366,19.678586],[-100.7379863,19.6782727],[-100.7378455,19.6782262],[-100.7375865,19.6781437],[-100.7374773,19.6781089],[-100.7374053,19.6780859],[-100.7370316,19.6779179],[-100.7368964,19.6777656],[-100.7367994,19.677613],[-100.7367497,19.6774328],[-100.7367665,19.6772158],[-100.7368501,19.6770163],[-100.7370854,19.6767249],[-100.7374532,19.6763419],[-100.7377202,19.6760239],[-100.7379697,19.6757267],[-100.7382254,19.6754221],[-100.7385172,19.6750669],[-100.738548,19.6750271],[-100.7389493,19.6745093],[-100.7389969,19.674448],[-100.7391744,19.674103],[-100.7393216,19.6736137],[-100.7393574,19.6733875],[-100.739462,19.6729732],[-100.739464,19.6729653],[-100.7394763,19.6729166],[-100.7394911,19.6728623],[-100.7394927,19.6728567],[-100.7396437,19.6723044],[-100.7396836,19.6721584],[-100.739719,19.6720292],[-100.739724,19.6720108],[-100.7397744,19.6717435],[-100.7397773,19.6717279],[-100.7397871,19.671676],[-100.7399378,19.6709758],[-100.7399906,19.6707424]],[[-100.5587219,19.687981],[-100.5586041,19.6887812],[-100.5594993,19.6885199],[-100.5596972,19.6884615],[-100.5597246,19.6884533],[-100.5606456,19.688181],[-100.5607449,19.688151],[-100.5615438,19.6879099],[-100.5621959,19.6877753],[-100.5625136,19.6877753],[-100.5627156,19.6878263],[-100.5628162,19.687892],[-100.5629737,19.6879655],[-100.5631245,19.6880688],[-100.5632478,19.6881683],[-100.5634548,19.6883381],[-100.5637352,19.6885708],[-100.564076,19.6888536],[-100.5643397,19.6890539],[-100.5645718,19.6892349],[-100.5648921,19.6894848],[-100.5652565,19.689746],[-100.5655119,19.6899085],[-100.5657154,19.6900381],[-100.5658478,19.6900933],[-100.5660178,19.6901789],[-100.5669688,19.6906195],[-100.5673089,19.6907786],[-100.5677584,19.6909957],[-100.5677894,19.6910101],[-100.5678286,19.6910284],[-100.5689375,19.6915453],[-100.5691471,19.6916259],[-100.5699733,19.6919826],[-100.5700104,19.6919986],[-100.5716648,19.6927128],[-100.5717119,19.692725],[-100.5718223,19.6927535],[-100.5722235,19.692857],[-100.5725911,19.6929518],[-100.5728914,19.6930355],[-100.5729393,19.693049],[-100.5734016,19.6931798],[-100.5739908,19.6933028],[-100.5745129,19.6934299],[-100.5749808,19.6935334],[-100.575017,19.6935414],[-100.5756076,19.6936706],[-100.5761194,19.6938041],[-100.576121,19.6938045],[-100.5762261,19.693828],[-100.5769855,19.6940034],[-100.5777074,19.6941645],[-100.5783699,19.6943123],[-100.5787696,19.6944],[-100.5801804,19.6947158],[-100.5802577,19.6947331],[-100.580829,19.694861],[-100.5820587,19.6951352],[-100.5835741,19.6954698],[-100.5838208,19.6955287],[-100.5847548,19.6957075],[-100.585551,19.6960348],[-100.5862174,19.6964036],[-100.5874023,19.6973266],[-100.5882245,19.6980814],[-100.5882798,19.6981321],[-100.5890839,19.698775],[-100.5896586,19.6992668],[-100.5899756,19.6994616],[-100.5902378,19.6995695],[-100.5904659,19.6996301],[-100.5907128,19.6996651],[-100.5907849,19.6996679],[-100.5911886,19.6996839],[-100.5913076,19.6996706],[-100.591352,19.6996657],[-100.5915012,19.6996491],[-100.5915061,19.6996485],[-100.593341,19.6994443],[-100.5937266,19.699396],[-100.5937709,19.6993905],[-100.5942856,19.699326],[-100.5950329,19.6992324],[-100.5950495,19.6992303],[-100.5959595,19.6991164],[-100.5960318,19.6991073],[-100.5964085,19.6990601],[-100.5976378,19.698925],[-100.5980659,19.6988674],[-100.5980881,19.6988644],[-100.5986212,19.6987927],[-100.601001,19.6985297],[-100.6010193,19.6985277],[-100.6012653,19.6985005],[-100.6013551,19.6984626],[-100.6022797,19.6983432],[-100.6023339,19.6983362],[-100.6024015,19.6983275],[-100.6052412,19.697961],[-100.6053559,19.6979746],[-100.6057033,19.6979299],[-100.6057449,19.6979246],[-100.6068017,19.6978055],[-100.6075655,19.6977195],[-100.6075742,19.6977185],[-100.6084888,19.6976019],[-100.6087608,19.6975826],[-100.6089741,19.6975423],[-100.6091891,19.6974803],[-100.6095781,19.697347],[-100.6102504,19.6970024],[-100.6102588,19.6969981],[-100.6137684,19.6951994],[-100.6150149,19.6945485],[-100.6150287,19.6945412],[-100.6189972,19.6924686],[-100.6190027,19.6924658],[-100.6193236,19.6922982],[-100.6205381,19.6916639],[-100.6248165,19.689425],[-100.6252123,19.6892178],[-100.6301224,19.6866484],[-100.6301697,19.6866236],[-100.6327301,19.6852837],[-100.6328725,19.6852101],[-100.6359201,19.6836109],[-100.6393902,19.68179],[-100.6399313,19.6815411],[-100.6404255,19.681365],[-100.6414819,19.6811475],[-100.6454317,19.6803344],[-100.6494308,19.6795187],[-100.6494339,19.6795181],[-100.6497908,19.6794453],[-100.6506864,19.6792481],[-100.6509597,19.6792018],[-100.6510755,19.6791624],[-100.651656,19.6790396],[-100.6535953,19.6786198],[-100.6538353,19.6785679],[-100.6543398,19.6784729],[-100.656015,19.6781413],[-100.6568423,19.6779078],[-100.6572316,19.6777325],[-100.6578675,19.6774376],[-100.6593177,19.6765659],[-100.6598007,19.6762272],[-100.65985,19.6761866],[-100.6610095,19.6752322],[-100.6647022,19.6727647],[-100.6663438,19.6716677],[-100.6666658,19.6714479],[-100.667231,19.6710487],[-100.6677546,19.6706789],[-100.6686638,19.6700742],[-100.6690046,19.6698271],[-100.669227,19.6696682],[-100.6694401,19.6695159],[-100.6701689,19.6689852],[-100.6703772,19.6688387],[-100.6710682,19.6683354],[-100.6717125,19.6679319],[-100.6721772,19.6676837],[-100.6724094,19.6675908],[-100.6727091,19.6674709],[-100.672884,19.6674193],[-100.6733669,19.6672766],[-100.673378,19.6672733],[-100.6735933,19.6672098],[-100.6748384,19.6668097],[-100.6760556,19.6664641],[-100.6768161,19.6662311],[-100.6782326,19.6658114],[-100.6786797,19.6656988],[-100.6792218,19.6655582],[-100.679954,19.6653526],[-100.6802772,19.6652593],[-100.6808798,19.6650677],[-100.6811202,19.6649904],[-100.6813653,19.6649159],[-100.6813989,19.6649055],[-100.6817324,19.6648843],[-100.6820385,19.6649718],[-100.6822603,19.6652046],[-100.6824457,19.6656093],[-100.682622,19.6660594],[-100.6828355,19.6664097],[-100.6830285,19.6666248],[-100.6834602,19.6668737],[-100.6839903,19.6672085],[-100.6840194,19.6672269],[-100.6841226,19.667292],[-100.6848031,19.6676109],[-100.6855878,19.6678745],[-100.6864583,19.6681283],[-100.6877403,19.6685138],[-100.6886011,19.6687496],[-100.6898927,19.669144],[-100.690152,19.6692176],[-100.6904474,19.6693014],[-100.6908582,19.6693698],[-100.6911539,19.6693761],[-100.6917342,19.6692351],[-100.6921342,19.6691862],[-100.6925637,19.6692183],[-100.6932594,19.6691665],[-100.6941638,19.6690225],[-100.6954206,19.6688299],[-100.6958588,19.6687807],[-100.6964209,19.6687211],[-100.6972682,19.6685867],[-100.6991533,19.6682888],[-100.7000104,19.6681723],[-100.7003815,19.6680965],[-100.7005913,19.6680945],[-100.7010682,19.668099],[-100.7011025,19.668102],[-100.702283,19.6682514],[-100.7023802,19.6682637],[-100.7026412,19.6682864],[-100.7027257,19.6682937],[-100.7031283,19.6683308],[-100.7038175,19.668362],[-100.7048078,19.6685115],[-100.7058093,19.6686064],[-100.7065526,19.6686994],[-100.7067347,19.6687222],[-100.7067858,19.6687275],[-100.7072338,19.6687744],[-100.7074247,19.6687906],[-100.7076534,19.6688125],[-100.7081121,19.6688564],[-100.7086464,19.6688784],[-100.7090465,19.6688384],[-100.7094552,19.6687081],[-100.7097966,19.6685242],[-100.7098913,19.668469],[-100.7102801,19.6682576],[-100.7110196,19.667844],[-100.7117304,19.6674307],[-100.7124698,19.6670081],[-100.7131805,19.6665858],[-100.7137685,19.666273],[-100.7140143,19.6660719],[-100.7142028,19.6658624],[-100.714419,19.6655712],[-100.7145574,19.6651362],[-100.714753,19.6642949],[-100.7148037,19.664077],[-100.7150239,19.6632618],[-100.7152266,19.6626004],[-100.7155135,19.6619381],[-100.7155803,19.661784],[-100.7157652,19.6614099],[-100.7159257,19.661085],[-100.7162989,19.6603046],[-100.7165431,19.659959],[-100.7167979,19.6597036],[-100.7171684,19.6595735],[-100.7175779,19.6595245],[-100.7181405,19.6595191],[-100.7187796,19.6595401],[-100.7193909,19.6596336],[-100.720136,19.659753],[-100.7206714,19.6598743],[-100.720978,19.6600159],[-100.7211324,19.6601861],[-100.7212303,19.66042],[-100.721195,19.6606914],[-100.7210068,19.660928],[-100.7207503,19.6610209],[-100.7203978,19.6610513],[-100.7199863,19.6609107],[-100.7197181,19.6608049],[-100.7192978,19.6607366],[-100.7188494,19.6607138],[-100.7184878,19.6607895],[-100.718071,19.6610555],[-100.7177411,19.661411],[-100.7175587,19.6619149],[-100.7174249,19.6623156],[-100.7173574,19.6626486],[-100.7174324,19.6628774],[-100.7177588,19.663073],[-100.7181649,19.663171],[-100.7182273,19.663186],[-100.7186862,19.663299],[-100.7190813,19.6634388],[-100.7194763,19.6637177],[-100.7200655,19.6641669],[-100.7203387,19.6643067],[-100.7207308,19.6645533],[-100.7211168,19.6649742],[-100.7215216,19.6653768],[-100.721958,19.6657291],[-100.722317,19.6660149],[-100.7224052,19.6662251],[-100.7223963,19.6664378],[-100.7223219,19.6665396],[-100.7221308,19.6666699],[-100.7219625,19.6666189],[-100.7216163,19.6663976],[-100.7212262,19.6661605],[-100.7208404,19.6659463],[-100.7207204,19.6659146],[-100.7204309,19.6659383],[-100.7203094,19.6660749],[-100.720304,19.6662471],[-100.7203821,19.6665979],[-100.720483,19.6668704],[-100.7205456,19.6670023],[-100.7206245,19.6671237],[-100.7206873,19.6672605],[-100.7207438,19.667406],[-100.7207991,19.6675499],[-100.7208523,19.6676939],[-100.7208992,19.6678333],[-100.7209416,19.6679762],[-100.7209823,19.668121],[-100.721022,19.6682668],[-100.7210635,19.6684121],[-100.7211069,19.6685586],[-100.7211559,19.6687051],[-100.7211896,19.6688548],[-100.7212397,19.6690048],[-100.7214261,19.6694365],[-100.7215072,19.6695776],[-100.7215987,19.6697132],[-100.7216912,19.6698489],[-100.7218,19.6699725],[-100.7218946,19.6701057],[-100.7219834,19.6702425],[-100.7220661,19.6703784],[-100.7221392,19.6705315],[-100.7221683,19.6706688],[-100.7224398,19.6717809],[-100.7224702,19.6719448],[-100.7224926,19.6721061],[-100.7225144,19.6722644],[-100.7225527,19.6724114],[-100.7226093,19.6725504],[-100.7226936,19.672666],[-100.7227866,19.6727783],[-100.7228905,19.6728753],[-100.7230019,19.6729583],[-100.7231232,19.6730211],[-100.7232505,19.673077],[-100.723388,19.6731131],[-100.7235018,19.6731721],[-100.7236429,19.673166],[-100.7237824,19.673142],[-100.7239181,19.6731221],[-100.724046,19.6730768],[-100.72432,19.6729113],[-100.7247238,19.6725131],[-100.7247807,19.6724756],[-100.7248804,19.6724056],[-100.7250553,19.6723913],[-100.7253123,19.6723877],[-100.7255729,19.6724912],[-100.7257513,19.6726376],[-100.7259619,19.6728267],[-100.7261189,19.6729838],[-100.7263331,19.6731194],[-100.7266115,19.6731908],[-100.7269006,19.6732372],[-100.7272361,19.6732765],[-100.7274895,19.6733014],[-100.7278536,19.6733228],[-100.7281355,19.6733407],[-100.7284104,19.6733228],[-100.7286638,19.6732765],[-100.7288422,19.6732336],[-100.7289743,19.6731765],[-100.7291028,19.673023],[-100.7291563,19.672891],[-100.7292363,19.6726494],[-100.7292772,19.672239],[-100.7292846,19.6721305],[-100.7292931,19.672021],[-100.7292832,19.6719185],[-100.7292948,19.6718099],[-100.7293554,19.6713596],[-100.7293609,19.6712462],[-100.7293676,19.6711334],[-100.7293761,19.6710211],[-100.7293896,19.6709096],[-100.7294034,19.6707995],[-100.7294069,19.6707824],[-100.7294257,19.6706915],[-100.7294425,19.6705922],[-100.7294854,19.6704909],[-100.729543,19.6704002],[-100.7296112,19.6703201],[-100.7297262,19.6702736],[-100.7298119,19.6702688],[-100.7299356,19.6702165],[-100.7300641,19.6701784],[-100.7302211,19.6701689],[-100.7303972,19.6701831],[-100.7305685,19.6702212],[-100.7307113,19.6702783],[-100.7308541,19.670364],[-100.7309588,19.6704449],[-100.731073,19.6705686],[-100.7311682,19.6707637],[-100.73123,19.6709303],[-100.7313633,19.6712111],[-100.7314394,19.6713776],[-100.7315965,19.6715632],[-100.7316964,19.6716917],[-100.7318296,19.6718107],[-100.7320343,19.6719439],[-100.7321818,19.6720391],[-100.7323769,19.6721153],[-100.732572,19.6721724],[-100.7328005,19.6722247],[-100.7329956,19.6722533],[-100.7333239,19.6722866],[-100.7336809,19.6722913],[-100.734014,19.6722913],[-100.7341948,19.6722676],[-100.7352656,19.6720534],[-100.7363887,19.6718678],[-100.7366695,19.6717964],[-100.7372956,19.6715757],[-100.7376213,19.6714014],[-100.7381203,19.6711493],[-100.7381579,19.6711338],[-100.7388571,19.6708229],[-100.7391509,19.6706793],[-100.7393514,19.6705945],[-100.7396189,19.6705589],[-100.739657,19.6705538],[-100.7396654,19.6705542],[-100.7397898,19.6705609],[-100.7399034,19.6705918],[-100.7399723,19.6706703],[-100.7399906,19.6707424]],[[-101.176629,19.7183482],[-101.1766849,19.7183906],[-101.17674,19.7184323],[-101.1767861,19.7184672],[-101.1768462,19.7185126],[-101.1770042,19.7186312],[-101.177032,19.718652],[-101.1770685,19.7186801],[-101.177149,19.7187421],[-101.1771695,19.7187578],[-101.1772278,19.7188027],[-101.1774246,19.7189541],[-101.1774743,19.7189911],[-101.1775413,19.7190408],[-101.1775959,19.7190813],[-101.1776347,19.7191101],[-101.1777654,19.7192071],[-101.1777868,19.719223],[-101.1778116,19.7192414],[-101.1778365,19.7192599],[-101.1778862,19.7192968],[-101.1786251,19.7187365],[-101.1787714,19.7186256],[-101.1800403,19.7176634],[-101.1801321,19.7175953],[-101.1803364,19.7174479],[-101.1804037,19.7173994],[-101.1807663,19.7171378],[-101.181799,19.7163716],[-101.1821032,19.7161432],[-101.1822566,19.7163155],[-101.18241,19.7164878]],[[-101.176629,19.7183482],[-101.1765735,19.7183062]],[[-100.7399906,19.6707424],[-100.7400746,19.6705633],[-100.7400758,19.6705609],[-100.7401326,19.6704499],[-100.740179,19.6703667],[-100.7402765,19.6701897],[-100.7412734,19.6697735],[-100.7424221,19.6692926],[-100.7435705,19.6687846],[-100.7443021,19.6684875],[-100.744482,19.6684144],[-100.7458306,19.6678954],[-100.7471405,19.6673317],[-100.7472135,19.6673015],[-100.7481943,19.6668968],[-100.7484031,19.6668044],[-100.7491906,19.6664354],[-100.7500449,19.6660658],[-100.7508215,19.6655704],[-100.7519577,19.6648185],[-100.752649,19.6643691],[-100.7534172,19.6639822],[-100.7541648,19.6636839],[-100.7548699,19.6633989],[-100.7553164,19.663241],[-100.7554208,19.6632038],[-100.756228,19.6628888],[-100.756537,19.6627568],[-100.756769,19.6626577],[-100.757042,19.6623298],[-100.7572567,19.6619031],[-100.7573044,19.6617141],[-100.7573572,19.6615046],[-100.757385,19.661423],[-100.7574079,19.6609079],[-100.7573834,19.6604023],[-100.7575419,19.6597553],[-100.7576608,19.6592047],[-100.757753,19.6588098],[-100.7578677,19.6584733],[-100.7581299,19.6580281],[-100.7584302,19.6575825],[-100.7588248,19.6570457],[-100.759191,19.6565181],[-100.7594303,19.6561634],[-100.75951,19.6560453],[-100.7598764,19.6555358],[-100.7603178,19.6549172],[-100.7607506,19.6543799],[-100.7611556,19.6539243],[-100.7614366,19.6534518],[-100.7617415,19.6530398],[-100.762237,19.652828],[-100.7627706,19.6525926],[-100.7632401,19.6524526],[-100.7636716,19.6523242],[-100.7641413,19.6521602],[-100.7644843,19.6520191],[-100.7648612,19.6518373],[-100.7653932,19.6515638],[-100.7660814,19.6512982],[-100.7662402,19.6512507],[-100.7663933,19.6512049],[-100.7665682,19.6511526],[-100.7673016,19.6509009],[-100.7677659,19.6506344],[-100.7680683,19.6503875],[-100.7685973,19.6499306],[-100.7689932,19.6495202],[-100.7691725,19.6493468],[-100.7692569,19.6492612],[-100.7699552,19.6485532],[-100.7706343,19.6478689],[-100.7711626,19.6473579],[-100.7715106,19.6469208],[-100.7716492,19.6467329],[-100.7718395,19.6464749],[-100.7720164,19.6461474],[-100.772232,19.6457483],[-100.772398,19.6452408],[-100.7724998,19.6447463],[-100.7725247,19.6446253],[-100.7730492,19.6420275],[-100.7737411,19.6385944],[-100.7740981,19.6368228],[-100.7743351,19.6358267],[-100.7744701,19.6351027],[-100.774539,19.6346655],[-100.7745771,19.6344241],[-100.7746661,19.6338451],[-100.7747161,19.6334033],[-100.7747161,19.6332635],[-100.7746774,19.632746],[-100.7745849,19.6321636],[-100.7744636,19.6315752],[-100.7743173,19.6309626],[-100.7742088,19.6303742],[-100.774148,19.6300837],[-100.7740575,19.6296504],[-100.7738487,19.6288756],[-100.773676,19.6279016],[-100.7735048,19.6270722],[-100.7733742,19.6264683],[-100.7733341,19.626288],[-100.7733688,19.6259805],[-100.7734797,19.6256328],[-100.7735469,19.6252017],[-100.7735376,19.62483],[-100.773643,19.6243633],[-100.7737618,19.6238128],[-100.7739287,19.6235504],[-100.774173,19.6231207],[-100.7742593,19.6228551],[-100.7742683,19.6223662],[-100.7741957,19.622006],[-100.7740972,19.6217055],[-100.7739375,19.6211767],[-100.7738147,19.6207561],[-100.7736923,19.6203738],[-100.7736723,19.6203113],[-100.7735431,19.6200106],[-100.7734446,19.61971],[-100.773286,19.6192964],[-100.7732729,19.6191092],[-100.7732877,19.6188696],[-100.7733273,19.6186901],[-100.7734047,19.6185228],[-100.7735328,19.6183441],[-100.7737111,19.6182136],[-100.7739397,19.6181196],[-100.7743956,19.6180753],[-100.774749,19.6181741],[-100.7751131,19.6184767],[-100.7752131,19.6186094],[-100.7754376,19.6189709],[-100.7755837,19.6193099],[-100.7755492,19.6196444],[-100.7755358,19.6196886],[-100.7754112,19.6200975],[-100.7751894,19.620732],[-100.7751407,19.6210305],[-100.7752436,19.6213277],[-100.7752728,19.6213816],[-100.7754887,19.6219486],[-100.775521,19.6223524],[-100.775537,19.6228696],[-100.775448,19.6234308],[-100.7753535,19.6240894],[-100.7753871,19.6245812],[-100.7755358,19.6249301],[-100.7757481,19.6252315],[-100.7758765,19.6253519],[-100.7762123,19.6256669],[-100.7767777,19.626115],[-100.7771007,19.6263592],[-100.7779696,19.6272396],[-100.7782191,19.6276253],[-100.778381,19.6279143],[-100.7785797,19.6283355],[-100.77884,19.628937],[-100.7790277,19.6293671],[-100.7791609,19.6296051],[-100.7793037,19.6297812],[-100.7794465,19.6299049],[-100.7796517,19.6300792],[-100.7798653,19.6303713],[-100.7799176,19.6305283],[-100.7799462,19.6306949],[-100.7799366,19.6311327],[-100.780018,19.6316081],[-100.7801154,19.6320404],[-100.7801443,19.6320744],[-100.7803121,19.6322716],[-100.7804954,19.6324686],[-100.780783,19.6326103],[-100.7810798,19.6327248],[-100.7812536,19.6329218],[-100.781266,19.6331836],[-100.7811067,19.6334382],[-100.780824,19.6337391],[-100.780636,19.6339758],[-100.7805631,19.6343219],[-100.7806999,19.6345868],[-100.780939,19.6347326],[-100.7812674,19.6347952],[-100.7815581,19.6348335],[-100.7819237,19.6348935],[-100.7821814,19.6349181],[-100.7823031,19.6350073],[-100.7826037,19.6353454],[-100.7828796,19.6356234],[-100.7830231,19.6357451],[-100.7831936,19.6358897],[-100.7834834,19.6360239],[-100.7837355,19.6361338],[-100.7838375,19.6361953],[-100.7839368,19.6362553],[-100.7841128,19.6363886],[-100.7842632,19.6365457],[-100.7844261,19.6367268],[-100.7846771,19.6369566],[-100.7848394,19.6372097],[-100.7848627,19.6374257],[-100.7847981,19.637581],[-100.7847085,19.6376882],[-100.7844034,19.6378536],[-100.7840859,19.6379829],[-100.7836473,19.6381557],[-100.7834774,19.6383109],[-100.7834029,19.6384743],[-100.7833842,19.6385106],[-100.7833313,19.638876],[-100.7833928,19.6390803],[-100.7834672,19.6392487],[-100.7835767,19.6395385],[-100.7838085,19.6397982],[-100.7840814,19.6399011],[-100.7843468,19.6399392],[-100.7847554,19.6400688],[-100.7851586,19.6403177],[-100.7853284,19.6405345],[-100.7855362,19.6408379],[-100.7855026,19.6408716],[-100.785665,19.6411007],[-100.785688,19.6413646],[-100.7855635,19.6415784],[-100.7853942,19.641674],[-100.7852161,19.6417805],[-100.785012,19.6419587],[-100.7848743,19.6421996],[-100.7849317,19.6424496],[-100.7850693,19.6426305],[-100.7853338,19.6427645],[-100.7856495,19.642839],[-100.7859589,19.6428483],[-100.7863316,19.6429763],[-100.7864175,19.6432767],[-100.7862762,19.6435154],[-100.7859959,19.6437289],[-100.7858554,19.6438717],[-100.7858659,19.6441115],[-100.7860669,19.644281],[-100.786445,19.6444519],[-100.7867611,19.6446832],[-100.7869259,19.6449345],[-100.7870719,19.645204],[-100.7870442,19.6453678],[-100.7868782,19.6455343],[-100.7864867,19.6457428],[-100.7863359,19.6458979],[-100.7862778,19.646165],[-100.7863134,19.646429],[-100.786628,19.6466233],[-100.7871276,19.6467844],[-100.7872695,19.6468579],[-100.7875208,19.6469882],[-100.7879899,19.6471642],[-100.7884693,19.6474034],[-100.7888087,19.6475121],[-100.7891212,19.6476585],[-100.7894128,19.6479524],[-100.7895623,19.6482174],[-100.7896617,19.648422],[-100.789811,19.6487109],[-100.7899357,19.6489157],[-100.7901214,19.6490284],[-100.7903238,19.6490396],[-100.7905058,19.6489927],[-100.7906369,19.6488513],[-100.7910558,19.6485712],[-100.7913976,19.6481221],[-100.7917142,19.6477022],[-100.7919353,19.6473513],[-100.7920515,19.6471448],[-100.7920972,19.6469517],[-100.7922944,19.6466787],[-100.7925228,19.6466403],[-100.7927529,19.6467554],[-100.7929267,19.6469854],[-100.7930259,19.647214],[-100.7931085,19.64747],[-100.7931488,19.6476226],[-100.7932033,19.6478169],[-100.7931626,19.6480855],[-100.792909,19.6485848],[-100.792691,19.6489061],[-100.7926463,19.6491775],[-100.7927549,19.6495107],[-100.7927556,19.649832],[-100.7926943,19.6501285],[-100.7926697,19.6504239],[-100.7926241,19.6506141],[-100.7927269,19.6509642],[-100.7929383,19.6513855],[-100.7933192,19.6520216],[-100.7934028,19.6521373],[-100.7935001,19.6522349],[-100.7935971,19.6523189],[-100.7937683,19.6524481],[-100.7938757,19.6525244],[-100.794091,19.6526775],[-100.794506,19.6529805],[-100.7947448,19.6531264],[-100.7951227,19.6533571],[-100.795324,19.6534906],[-100.7957191,19.6536817],[-100.7965252,19.6541434],[-100.7971396,19.6545076],[-100.7974005,19.6548212],[-100.7974998,19.6551725],[-100.7975423,19.6555696],[-100.7975433,19.6557535],[-100.7975771,19.6558904],[-100.7977947,19.6562386],[-100.7985686,19.6565961],[-100.7992212,19.6569626],[-100.7993607,19.6571232],[-100.7993914,19.6574274],[-100.7994613,19.6577399],[-100.7995674,19.657874],[-100.7999542,19.6580749],[-100.8003764,19.6583145],[-100.8005587,19.658412],[-100.8008562,19.6585807],[-100.8010843,19.6586502],[-100.8012293,19.6586944],[-100.8014394,19.6586911],[-100.8016779,19.658598],[-100.8019124,19.6584903],[-100.8021511,19.6584748],[-100.802366,19.6585819],[-100.8025453,19.6586993],[-100.8026056,19.6589697],[-100.802551,19.6592051],[-100.8025828,19.6594669],[-100.8026143,19.6597555],[-100.8026498,19.6601071],[-100.8030082,19.660602],[-100.8033581,19.6611131],[-100.8035878,19.6614698],[-100.8037576,19.6616799],[-100.8044948,19.661947],[-100.8048845,19.6621044],[-100.8053118,19.6622127],[-100.8058251,19.6624338],[-100.8061279,19.6627013],[-100.8062558,19.6630523],[-100.806273,19.6633125],[-100.8061945,19.6635996],[-100.8060259,19.6638134],[-100.8058365,19.6640164],[-100.8055303,19.6642898],[-100.8052142,19.6645623],[-100.8048427,19.6647639],[-100.8045906,19.664654],[-100.8041901,19.6642294],[-100.8039753,19.6640976],[-100.8036849,19.6640234],[-100.8033812,19.664021],[-100.8031022,19.6640787],[-100.8027962,19.6643401],[-100.8025395,19.6647457],[-100.8023179,19.6651156],[-100.8020933,19.6654735],[-100.8019139,19.6657239],[-100.8017407,19.6659803],[-100.801587,19.6661949],[-100.8013891,19.6663911],[-100.8010912,19.6664427],[-100.8007673,19.666572],[-100.8006326,19.6667748],[-100.8006076,19.6670657],[-100.800767,19.6673213],[-100.8010251,19.6674792],[-100.8012711,19.6675651],[-100.8015563,19.6675194],[-100.8017808,19.6671795],[-100.8018535,19.6668264],[-100.8019511,19.6665274],[-100.8021171,19.6663549],[-100.8023902,19.6662492],[-100.8026198,19.6660412],[-100.802887,19.6658754],[-100.8031287,19.6657455],[-100.8032679,19.6657406],[-100.8034002,19.6658135],[-100.8035068,19.6659163],[-100.8035945,19.6660189],[-100.8038135,19.6663651],[-100.8039483,19.666807],[-100.8039068,19.6677835],[-100.8037315,19.6683773],[-100.8035533,19.6688354],[-100.8034006,19.6692427],[-100.8035278,19.6694208],[-100.8036658,19.6693567],[-100.803902,19.6691646],[-100.804119,19.6689546],[-100.8043423,19.6685809],[-100.8047495,19.6683264],[-100.8052586,19.6680973],[-100.8055638,19.6680135],[-100.8060367,19.6681856],[-100.8064478,19.6682808],[-100.8068131,19.6685391],[-100.8070261,19.668826],[-100.8071055,19.6690963],[-100.8070515,19.6693859],[-100.8070635,19.6696025],[-100.8071728,19.6699989],[-100.8072735,19.6700823],[-100.8073966,19.6701589],[-100.8076256,19.6702607],[-100.808107,19.670221],[-100.8086946,19.6702607],[-100.8092291,19.6706171],[-100.8096363,19.6707189],[-100.8098145,19.6705153],[-100.8097636,19.6701335],[-100.8092546,19.6693954],[-100.8088982,19.6687336],[-100.8088728,19.6678428],[-100.8092476,19.6663182],[-100.8093143,19.6662648],[-100.8093996,19.6661905],[-100.8098564,19.6656886],[-100.8099719,19.665541],[-100.8102203,19.6652235],[-100.8103766,19.6650849],[-100.8106567,19.6649416],[-100.8109394,19.6648842],[-100.8112642,19.6649351],[-100.8115234,19.665086],[-100.8115452,19.6653297],[-100.811387,19.6656836],[-100.8112009,19.666092],[-100.8112521,19.6664077],[-100.8114469,19.666767],[-100.8117165,19.6669992],[-100.8119659,19.6671322],[-100.8121863,19.6672203],[-100.8124954,19.6675695],[-100.8127478,19.6679734],[-100.812924,19.6683782],[-100.8129956,19.668811],[-100.8132495,19.6693324],[-100.8135639,19.6697121],[-100.8138185,19.6698958],[-100.8140548,19.6700157],[-100.8143346,19.669862],[-100.8143504,19.6695025],[-100.8142647,19.6691781],[-100.8142162,19.6689259],[-100.814196,19.6686996],[-100.8141829,19.6683981],[-100.814248,19.6681828],[-100.8143516,19.6679199],[-100.8143845,19.6676588],[-100.8145253,19.6674587],[-100.8147431,19.6673209],[-100.8149246,19.6673553],[-100.8151356,19.6674615],[-100.8152917,19.6677671],[-100.8154662,19.6680273],[-100.8156784,19.6681581],[-100.815945,19.6680642],[-100.816237,19.6679586],[-100.8164371,19.668001],[-100.8166299,19.6680517],[-100.8167562,19.6682582],[-100.8168157,19.6684563],[-100.8169896,19.6687438],[-100.8170709,19.6689916],[-100.8170847,19.6690914],[-100.8171558,19.6695341],[-100.8172063,19.6696343],[-100.8172626,19.6697137],[-100.8173335,19.6698112],[-100.8174,19.669911],[-100.8174578,19.6700155],[-100.8175059,19.6701339],[-100.8175543,19.6702284],[-100.8175906,19.6703403],[-100.8176278,19.6704448],[-100.817677,19.6705392],[-100.8177777,19.6706218],[-100.8180632,19.671012],[-100.8181274,19.671104],[-100.818176,19.6712042],[-100.8182096,19.6713105],[-100.8182288,19.6713896],[-100.8182373,19.6714249],[-100.8182479,19.6715167],[-100.8182645,19.6716302],[-100.8182867,19.671745],[-100.8183833,19.6719045],[-100.8184892,19.6720793],[-100.8185703,19.6721087],[-100.8189009,19.6720678],[-100.8191554,19.6718388],[-100.8191855,19.6713971],[-100.8192197,19.6708941],[-100.8192471,19.6707647],[-100.8192707,19.670631],[-100.8192956,19.6704988],[-100.8193845,19.6700062],[-100.8192841,19.6696425],[-100.8189063,19.6682729],[-100.8188627,19.6681149],[-100.8188954,19.6680139],[-100.8189133,19.6679036],[-100.8189396,19.667797],[-100.8189833,19.6676978],[-100.8190334,19.6676098],[-100.8191048,19.6675318],[-100.8191859,19.6674706],[-100.8192761,19.6674234],[-100.8193592,19.6673911],[-100.8194623,19.6673659],[-100.8195723,19.6673214],[-100.8195804,19.6673181],[-100.819692,19.6673015],[-100.8199237,19.6672764],[-100.8200322,19.6672904],[-100.8201524,19.6672756],[-100.8202731,19.667254],[-100.8203988,19.6672411],[-100.8205222,19.6672282],[-100.8206504,19.667189],[-100.8207684,19.6671805],[-100.8208875,19.6671837],[-100.8209928,19.6671926],[-100.8214661,19.6674522],[-100.8214921,19.667483],[-100.8215052,19.667512],[-100.8215629,19.6676399],[-100.8216011,19.6677461],[-100.8216299,19.6678479],[-100.8216519,19.6679599],[-100.8216812,19.6680738],[-100.8217251,19.6682949],[-100.8217543,19.6684421],[-100.8217921,19.6685311],[-100.8218219,19.6686829],[-100.8218736,19.6688078],[-100.8219314,19.6689267],[-100.8219879,19.6690451],[-100.8220112,19.6692412],[-100.8221094,19.6693245],[-100.8221023,19.6693933],[-100.822186,19.6699053],[-100.8222064,19.6700235],[-100.8221774,19.6700483],[-100.8221948,19.6701711],[-100.8221768,19.6702405],[-100.8222071,19.6703957],[-100.8222111,19.6705189],[-100.8221816,19.6706212],[-100.8221304,19.6707117],[-100.8220702,19.6707963],[-100.8219998,19.6708746],[-100.8216998,19.6712129],[-100.821543,19.6715259],[-100.8215273,19.6718955],[-100.821654,19.6721381],[-100.8218942,19.6722983],[-100.8221986,19.6722973],[-100.8225659,19.6722642],[-100.8227459,19.6722692],[-100.8231753,19.6724933],[-100.8232615,19.6726877],[-100.8232753,19.6728533],[-100.8232332,19.672994],[-100.8230292,19.6732038],[-100.8227442,19.6734677],[-100.8226835,19.6736687],[-100.8225915,19.6739259],[-100.822803,19.6742313],[-100.8230273,19.6746716],[-100.8232918,19.6752922],[-100.82343,19.6757064],[-100.8235288,19.6760125],[-100.8235523,19.6763383],[-100.8236289,19.6766725],[-100.8238627,19.6768673],[-100.8241337,19.6772168],[-100.8243306,19.6774932],[-100.8247976,19.6776407],[-100.8249732,19.6777113],[-100.8252742,19.6778039],[-100.8257147,19.6778693],[-100.8261357,19.6779914],[-100.826625,19.6782484],[-100.8269807,19.6785068],[-100.827701,19.6789421],[-100.8282591,19.679379],[-100.8287793,19.6797338],[-100.8290836,19.6797681],[-100.8293516,19.6798467],[-100.8294393,19.6800583],[-100.8295179,19.6803466],[-100.8296272,19.6805873],[-100.8299217,19.6814342],[-100.8298841,19.6815244],[-100.8297944,19.6817396],[-100.8295908,19.6822996],[-100.8296238,19.6825084],[-100.8296595,19.6827335],[-100.8295653,19.6830377],[-100.8293108,19.6832159],[-100.8291581,19.6835722],[-100.8294635,19.6837758],[-100.8298198,19.6837504],[-100.8301649,19.6839415],[-100.8302421,19.6839943],[-100.8303672,19.6840561],[-100.8304494,19.684131],[-100.8306633,19.6843239],[-100.8307325,19.6843863],[-100.8308646,19.6845366],[-100.8308966,19.684565],[-100.8309409,19.6846041],[-100.8310206,19.6846671],[-100.8311042,19.6847174],[-100.8311929,19.6847646],[-100.8312838,19.6848065],[-100.8313827,19.6848492],[-100.8314608,19.6848636],[-100.8314942,19.6848698],[-100.8316051,19.6848873],[-100.831718,19.6848962],[-100.8318308,19.6849015],[-100.8319406,19.6849022],[-100.8320469,19.6848962],[-100.8321476,19.6848845],[-100.8322453,19.6848616],[-100.8323363,19.6848253],[-100.832418,19.6847775],[-100.8324888,19.6847262],[-100.8325132,19.6847046],[-100.8325541,19.6846685],[-100.8326243,19.6846197],[-100.8327063,19.6845784],[-100.8327928,19.6845518],[-100.8328796,19.6845434],[-100.8329655,19.6845436],[-100.8330505,19.684558],[-100.8331369,19.6845786],[-100.8332228,19.6846011],[-100.8333053,19.6846315],[-100.8333857,19.684662],[-100.8334648,19.6847003],[-100.8335456,19.6847406],[-100.833628,19.6847887],[-100.8337111,19.684844],[-100.8337744,19.6848824],[-100.8337974,19.6848963],[-100.8342849,19.6855302],[-100.8343531,19.6855852],[-100.8344285,19.6856409],[-100.8344998,19.6856703],[-100.834582,19.6856832],[-100.8346728,19.6856915],[-100.8347658,19.6857097],[-100.834793,19.6857159],[-100.8348593,19.685731],[-100.8349504,19.6857568],[-100.8350361,19.6857782],[-100.8355812,19.6857461],[-100.8356341,19.6856689],[-100.8356928,19.685596],[-100.8357653,19.6855344],[-100.8358416,19.685485],[-100.8359227,19.6854516],[-100.8360053,19.6854309],[-100.8360895,19.6854121],[-100.8361734,19.6853914],[-100.8362477,19.6853603],[-100.8363123,19.6853188],[-100.8363671,19.6852678],[-100.8364135,19.6852064],[-100.836458,19.685137],[-100.8365024,19.6850625],[-100.8365201,19.6849684],[-100.8365687,19.6848905],[-100.8366147,19.6848076],[-100.8366794,19.6847246],[-100.8367306,19.684626],[-100.8367777,19.6845184],[-100.8368333,19.6844226],[-100.8368839,19.6843587],[-100.8368964,19.684343],[-100.8369903,19.6842895],[-100.8370681,19.6842452],[-100.8373764,19.6841138],[-100.8374477,19.6840791],[-100.8375053,19.6840411],[-100.8375586,19.6839992],[-100.8375993,19.6839515],[-100.8376379,19.683891],[-100.8376557,19.6838615],[-100.8376731,19.6838399],[-100.8376924,19.6838131],[-100.8377251,19.6837842],[-100.8377547,19.6837443],[-100.8377404,19.6836646],[-100.8377901,19.6836191],[-100.8382896,19.6833688],[-100.8385644,19.6832124],[-100.8387698,19.6828309],[-100.8389578,19.682585],[-100.8392043,19.6824561],[-100.8394988,19.6823627],[-100.8397058,19.6821167],[-100.8402465,19.6819252],[-100.8403721,19.6818532],[-100.8404828,19.6816751],[-100.8405949,19.6814662],[-100.8406514,19.6812924],[-100.840917,19.6810779],[-100.8412154,19.6810828],[-100.8414005,19.6811033],[-100.8416387,19.6812834],[-100.8416748,19.6815115],[-100.8416476,19.6817897],[-100.8416047,19.6822056],[-100.8414658,19.6825684],[-100.841383,19.6828312],[-100.8412826,19.6831262],[-100.8413045,19.6832536],[-100.841468,19.6833688],[-100.8416261,19.683382],[-100.8418356,19.6833116],[-100.8420896,19.6832177],[-100.8424061,19.6830646],[-100.8428221,19.6828879],[-100.8430947,19.68259],[-100.8432095,19.682433],[-100.8433005,19.6822258],[-100.8434749,19.681929],[-100.8435863,19.6817651],[-100.8440491,19.6808785],[-100.8440915,19.680817],[-100.8443013,19.6804616],[-100.8443637,19.6803782],[-100.8445354,19.6802959],[-100.8446303,19.6802931],[-100.8453966,19.680899],[-100.8454386,19.6809854],[-100.845499,19.6810534],[-100.8456575,19.6811266],[-100.8458591,19.6811266],[-100.8460099,19.6810304],[-100.8461113,19.6809789],[-100.8462861,19.680843],[-100.8466914,19.6806098],[-100.8469072,19.6805488],[-100.8470684,19.6805469],[-100.8471798,19.6806029],[-100.8472729,19.6806858],[-100.8473762,19.6806919],[-100.8476339,19.6807074],[-100.8478464,19.6806474],[-100.8480869,19.6806492],[-100.8482888,19.6807227],[-100.8484958,19.6810237],[-100.848708,19.6812293],[-100.8488792,19.6812547],[-100.8490091,19.6812031],[-100.849057,19.6811841],[-100.8491542,19.681053],[-100.8492181,19.6807995],[-100.8493011,19.6805547],[-100.8493178,19.6803468],[-100.849268,19.6801666],[-100.8492571,19.6799747],[-100.8492733,19.6797962],[-100.8493865,19.67964],[-100.8495389,19.6795812],[-100.8497292,19.6795227],[-100.8499201,19.6794043],[-100.8501627,19.6791543],[-100.8502679,19.6788704],[-100.8502734,19.6788554],[-100.8502985,19.6785481],[-100.8502371,19.6781873],[-100.8502445,19.6780713],[-100.8502475,19.6780244],[-100.8502614,19.6778077],[-100.8503442,19.6775449],[-100.85052,19.6770733],[-100.8505729,19.6769493],[-100.8506327,19.6768093],[-100.8506383,19.676796],[-100.8507416,19.676557],[-100.8508447,19.6762841],[-100.8508454,19.6762443],[-100.8508506,19.6759679],[-100.8508634,19.6754258],[-100.8508276,19.6747938],[-100.8508484,19.6744118],[-100.8508804,19.6743708],[-100.8510531,19.6741495],[-100.8512569,19.6739952],[-100.8515233,19.6739253],[-100.851814,19.6739755],[-100.8521415,19.6741578],[-100.8526326,19.6744613],[-100.8528728,19.6744871],[-100.8531145,19.674345],[-100.853281,19.6741185],[-100.853473,19.6738562],[-100.8536765,19.6737378],[-100.8541067,19.6737651],[-100.8544986,19.673816],[-100.8548526,19.6738666],[-100.8553459,19.6738943],[-100.8558767,19.6739942],[-100.8565453,19.6742511],[-100.8570045,19.6745622],[-100.8571982,19.6748794],[-100.8574414,19.6750927],[-100.8576689,19.6753073],[-100.8580521,19.6756892],[-100.8581672,19.6758052],[-100.8583947,19.6760345],[-100.8587433,19.6762819],[-100.8592846,19.6766336],[-100.8596625,19.6768403],[-100.8601663,19.6771438],[-100.8605849,19.677412],[-100.8610346,19.6777498],[-100.8612178,19.6780682],[-100.861395,19.6784747],[-100.8614849,19.6787076],[-100.8616523,19.6790347],[-100.8617728,19.6791476],[-100.8619543,19.6792253],[-100.8621293,19.6792253],[-100.8623051,19.6791854],[-100.8625284,19.679066],[-100.8631492,19.6789523],[-100.8632911,19.6789445],[-100.8638515,19.6789311],[-100.8641759,19.6789843],[-100.8645168,19.6790828],[-100.8646864,19.6791795],[-100.864794,19.6792408],[-100.8650698,19.6795546],[-100.8653181,19.6801451],[-100.8655656,19.6808172],[-100.8657268,19.681214],[-100.8660015,19.6816597],[-100.8665548,19.6820954],[-100.8671208,19.6825313],[-100.867989,19.6831492],[-100.8686057,19.6835735],[-100.8689845,19.6838324],[-100.8689959,19.6838402],[-100.869298,19.6840462],[-100.8696388,19.6841567],[-100.8699931,19.6841713],[-100.870322,19.6841978],[-100.8705915,19.6842185],[-100.8708919,19.684166],[-100.8710457,19.6839394],[-100.8710232,19.6836178],[-100.8710003,19.6832838],[-100.870978,19.683004],[-100.8711695,19.6827414],[-100.8714983,19.6826463],[-100.871604,19.6826594],[-100.8716989,19.6826713],[-100.8720437,19.6828032],[-100.8723131,19.6829991],[-100.8725466,19.6830634],[-100.8727231,19.6831486],[-100.872887,19.6832218],[-100.873108,19.6832889],[-100.8732382,19.683266],[-100.8733269,19.6832505],[-100.873478,19.6831224],[-100.8736249,19.6827716],[-100.8737398,19.6826526],[-100.873885,19.6825966],[-100.8738922,19.6825938],[-100.8740946,19.6826073],[-100.8742957,19.6827766],[-100.8744456,19.6830175],[-100.8745873,19.6833819],[-100.874733,19.6836152],[-100.8748632,19.6839916],[-100.8748746,19.6842945],[-100.8748578,19.6845996],[-100.8748706,19.6847881],[-100.8747593,19.6850512],[-100.8747219,19.6851148],[-100.8747241,19.6853045],[-100.8748684,19.6854114],[-100.8750981,19.6854813],[-100.8753549,19.6854244],[-100.8756378,19.6853117],[-100.8759089,19.6853476],[-100.8761208,19.6855478],[-100.8764854,19.6858502],[-100.8768376,19.6861166],[-100.877329,19.686396],[-100.8774811,19.6863731],[-100.8776973,19.6862428],[-100.8779009,19.6861125],[-100.8781664,19.6861504],[-100.8784182,19.6863201],[-100.8786956,19.6864541],[-100.8790375,19.6864326],[-100.8793048,19.6862548],[-100.8794592,19.6859562],[-100.8793476,19.6856676],[-100.8790966,19.685414],[-100.8788326,19.6851842],[-100.8785685,19.6849784],[-100.8784625,19.6847189],[-100.878497,19.6845541],[-100.8786759,19.6842359],[-100.8788381,19.6839788],[-100.8791171,19.6838962],[-100.8794184,19.6837866],[-100.8796185,19.6837158],[-100.8797779,19.6836076],[-100.8800337,19.6834604],[-100.8802696,19.6832411],[-100.8804769,19.6830312],[-100.8806762,19.6829478],[-100.8809888,19.6827639],[-100.8812358,19.68268],[-100.8813871,19.68257],[-100.881587,19.6825408],[-100.8819124,19.6826368],[-100.8821905,19.6827693],[-100.8824768,19.6827844],[-100.88278,19.6826186],[-100.8830169,19.6824897],[-100.8833306,19.6824051],[-100.8836632,19.6823022],[-100.8838709,19.6821194],[-100.8839259,19.6819291],[-100.8839321,19.68164],[-100.884053,19.6814581],[-100.8843066,19.6814],[-100.8847874,19.6814275],[-100.885192,19.6814785],[-100.8855335,19.681517],[-100.8857618,19.6814587],[-100.8859779,19.6813404],[-100.8861683,19.6812818],[-100.8864944,19.6813782],[-100.8867064,19.6815657],[-100.8868247,19.6818987],[-100.886895,19.682196],[-100.8870983,19.6824559],[-100.8872327,19.6826804],[-100.8876104,19.6830286],[-100.8876597,19.6831636],[-100.8877789,19.6835688],[-100.8879911,19.6837743],[-100.8882981,19.6839711],[-100.888526,19.6839608],[-100.8887298,19.6838064],[-100.8887825,19.6835551],[-100.8888623,19.6832503],[-100.8890669,19.6828258],[-100.8891487,19.6824614],[-100.88935,19.6822644],[-100.8895911,19.6821822],[-100.889946,19.6821249],[-100.8902128,19.6820069],[-100.8903163,19.6817319],[-100.890242,19.6815276],[-100.8899349,19.6811885],[-100.8897893,19.6809732],[-100.8898302,19.6808052],[-100.8898819,19.6806737],[-100.8899213,19.6805061],[-100.8899982,19.6803868],[-100.8901257,19.6802678],[-100.8902906,19.6802331],[-100.8904805,19.6802225],[-100.8906823,19.6803079],[-100.8909091,19.6804414],[-100.8913508,19.6806005],[-100.8918051,19.6807717],[-100.892056,19.6810493],[-100.89224,19.6813488],[-100.8925869,19.6815237],[-100.8931266,19.6816925],[-100.8934562,19.6817169],[-100.8936548,19.6817111],[-100.893853,19.6816734],[-100.8939852,19.6815035],[-100.8939581,19.6811741],[-100.893978,19.6808695],[-100.8941824,19.680692],[-100.8945024,19.6806116],[-100.8947299,19.6806612],[-100.8949312,19.6808065],[-100.8951014,19.6809895],[-100.8953356,19.6814477],[-100.8956368,19.6819143],[-100.895833,19.6823819],[-100.8961055,19.6827214],[-100.8967015,19.6830922],[-100.89671,19.6830975],[-100.8972807,19.683261],[-100.897354,19.683282],[-100.8980108,19.6834546],[-100.8984921,19.6834222],[-100.8988344,19.6833527],[-100.8992146,19.6832956],[-100.8995232,19.6831468],[-100.8998141,19.6827463],[-100.9000055,19.682546],[-100.9001966,19.6823915],[-100.9006154,19.6822507],[-100.9010956,19.6822449],[-100.901652,19.682414],[-100.9021704,19.6824897],[-100.9024811,19.6824651],[-100.9027283,19.6823993],[-100.9029266,19.6822346],[-100.9029998,19.6819718],[-100.9030814,19.6816187],[-100.903242,19.6814544],[-100.9034966,19.6812764],[-100.9039418,19.6810039],[-100.9042469,19.6808383],[-100.9043746,19.6807073],[-100.9044391,19.6805519],[-100.9044381,19.6805431],[-100.9045647,19.68009],[-100.9047822,19.6798039],[-100.9050063,19.6794842],[-100.9050659,19.6793003],[-100.9050633,19.6791929],[-100.9050208,19.6789635],[-100.9050321,19.6786307],[-100.9051221,19.6784635],[-100.9052876,19.6783448],[-100.9057873,19.6782975],[-100.9058965,19.6783053],[-100.9060037,19.6783033],[-100.9062155,19.6782703],[-100.9064136,19.6781217],[-100.9065552,19.6779023],[-100.9066533,19.677562],[-100.9066787,19.6774385],[-100.9066782,19.677312],[-100.9066885,19.6771842],[-100.9067165,19.6770699],[-100.9067478,19.6769564],[-100.906815,19.6765236],[-100.9068219,19.6764314],[-100.9068172,19.6763434],[-100.9068146,19.676232],[-100.906744,19.6761684],[-100.9066556,19.6761149],[-100.9065422,19.6760789],[-100.9061291,19.6757807],[-100.9060148,19.6757089],[-100.9059078,19.675624],[-100.9058129,19.6755338],[-100.9057273,19.6754367],[-100.9056488,19.6753332],[-100.9055807,19.6752313],[-100.9055139,19.675122],[-100.905445,19.6750128],[-100.9053786,19.6749085],[-100.9053186,19.6748113],[-100.9052674,19.6747165],[-100.9052366,19.674625],[-100.9052283,19.6745293],[-100.9052407,19.6744366],[-100.9052762,19.6743509],[-100.9053279,19.6742782],[-100.905473,19.6741859],[-100.9056888,19.6741035],[-100.9059934,19.6739978],[-100.9063481,19.6739644],[-100.9067523,19.6740632],[-100.907144,19.6739516],[-100.9073995,19.6735357],[-100.9074347,19.6734168],[-100.9074524,19.6732886],[-100.9074562,19.6731574],[-100.9074574,19.6730261],[-100.9074492,19.6728931],[-100.907436,19.6727628],[-100.9074194,19.672638],[-100.9073969,19.6725171],[-100.9073782,19.6724026],[-100.9073887,19.6722918],[-100.9074061,19.6721841],[-100.9074468,19.6720841],[-100.9075065,19.6719986],[-100.9075262,19.6719784],[-100.9075831,19.6719201],[-100.9076744,19.6718433],[-100.9077686,19.6717652],[-100.9078573,19.6716762],[-100.9079343,19.6715729],[-100.9079989,19.6714556],[-100.9080458,19.6713338],[-100.9080908,19.6712142],[-100.908101,19.6710852],[-100.9081208,19.6709673],[-100.9080898,19.6707332],[-100.9079973,19.6705957],[-100.9079508,19.6704957],[-100.9079455,19.6704064],[-100.9078237,19.6702563],[-100.9077657,19.6701465],[-100.907701,19.6700268],[-100.9076444,19.6699185],[-100.9075833,19.6698012],[-100.9075185,19.6696898],[-100.9072874,19.6692511],[-100.907279,19.6692352],[-100.9072046,19.6691526],[-100.9070948,19.669094],[-100.9069796,19.6690917],[-100.9068815,19.6690606],[-100.9067513,19.6690124],[-100.9066144,19.6690021],[-100.9064862,19.6689973],[-100.9063512,19.6690155],[-100.906222,19.669013],[-100.9059654,19.668987],[-100.9058515,19.6689501],[-100.9057433,19.6689015],[-100.9056434,19.6688408],[-100.9055598,19.6687897],[-100.9054671,19.6686802],[-100.9054629,19.6686752],[-100.9053847,19.6685881],[-100.905193,19.6681846],[-100.9051836,19.6680794],[-100.9052062,19.6679859],[-100.9053651,19.667631],[-100.9054434,19.6675751],[-100.9055303,19.6675403],[-100.9056245,19.6675267],[-100.9057281,19.6675283],[-100.9058392,19.667542],[-100.9059597,19.6675584],[-100.9060851,19.6675815],[-100.9062175,19.6676063],[-100.9063524,19.6676427],[-100.9064859,19.6676859],[-100.9066149,19.6677429],[-100.90674,19.6678028],[-100.9068677,19.6678589],[-100.9069954,19.6678997],[-100.9071131,19.6679263],[-100.9074007,19.6680316],[-100.9075315,19.6681469],[-100.9076164,19.668245],[-100.9076873,19.6683305],[-100.9077719,19.668399],[-100.9078803,19.6684502],[-100.9079971,19.6684823],[-100.9081174,19.6685102],[-100.9082379,19.6685475],[-100.9083492,19.6686049],[-100.908453,19.6686678],[-100.9085527,19.6687307],[-100.9086505,19.668785],[-100.9087538,19.6688253],[-100.9088588,19.6688447],[-100.9089634,19.6688379],[-100.9090619,19.6688116],[-100.9091496,19.6687696],[-100.9092018,19.6686896],[-100.9092529,19.6686008],[-100.9092974,19.6684991],[-100.9093332,19.6683903],[-100.9093654,19.6682714],[-100.9093949,19.6681521],[-100.9094347,19.6680264],[-100.9095151,19.6678987],[-100.9095848,19.6677028],[-100.9097039,19.6673681],[-100.9097239,19.667235],[-100.9097523,19.6670179],[-100.9097637,19.6668875],[-100.9098229,19.6666631],[-100.9098407,19.6665231],[-100.9098191,19.6664142],[-100.9097766,19.6663098],[-100.9097248,19.6662088],[-100.9096611,19.6661173],[-100.9095925,19.6659901],[-100.9095199,19.6658784],[-100.9094597,19.665771],[-100.9093001,19.6653718],[-100.9093128,19.6652807],[-100.9093476,19.6651916],[-100.9094048,19.6651109],[-100.9094805,19.6650475],[-100.9095679,19.6650028],[-100.9096572,19.6649883],[-100.909747,19.664988],[-100.9098275,19.6650061],[-100.9098915,19.6650207],[-100.9099507,19.6650559],[-100.9099875,19.6650844],[-100.9099988,19.6650932],[-100.9100408,19.6651364],[-100.910089,19.6651913],[-100.9101433,19.6652498],[-100.910453,19.6656698],[-100.9108829,19.6659856],[-100.9113709,19.6664604],[-100.9113823,19.6664715],[-100.9118234,19.6667024],[-100.912312,19.6669978],[-100.9125031,19.6671629],[-100.9126912,19.66738],[-100.9130325,19.6674424],[-100.9133028,19.6674141],[-100.9136552,19.6673742],[-100.9140982,19.6673532],[-100.9144262,19.6674624],[-100.9145656,19.6678083],[-100.9145706,19.6681848],[-100.9145559,19.6682801],[-100.9145201,19.6685115],[-100.9145137,19.6685532],[-100.9145031,19.6686219],[-100.9145982,19.6688663],[-100.9148232,19.6689549],[-100.9151395,19.6688555],[-100.9154548,19.6685149],[-100.9155797,19.6683918],[-100.9157235,19.6681241],[-100.915833,19.6679203],[-100.9160662,19.6678016],[-100.9165029,19.667793],[-100.9165938,19.6678729],[-100.9166188,19.6678949],[-100.9166845,19.668003],[-100.9168581,19.6682844],[-100.9168625,19.6682914],[-100.9169215,19.6683871],[-100.9171732,19.6686013],[-100.9175296,19.6689758],[-100.9176996,19.669304],[-100.9177519,19.6695421],[-100.9176897,19.6697399],[-100.9176474,19.6697775],[-100.9175796,19.6698167],[-100.9174725,19.6698417],[-100.9173762,19.6698774],[-100.9172584,19.6698988],[-100.9171585,19.6699274],[-100.9170799,19.6699773],[-100.9170086,19.6700309],[-100.916955,19.6701058],[-100.9169122,19.6702272],[-100.9168836,19.6703164],[-100.9168801,19.6704021],[-100.9168795,19.6704204],[-100.9168765,19.6705163],[-100.9168872,19.6706198],[-100.9169479,19.6707733],[-100.9170657,19.6711088],[-100.9171049,19.6712016],[-100.9171121,19.6713372],[-100.9171085,19.671405],[-100.9170978,19.6714621],[-100.9170625,19.6715357],[-100.9168329,19.6717618],[-100.9168087,19.6718579],[-100.9168087,19.6719297],[-100.9168087,19.6720118],[-100.9168337,19.672101],[-100.9168872,19.6721938],[-100.9169657,19.6722688],[-100.9170514,19.6723223],[-100.9171406,19.6723473],[-100.9172441,19.6723437],[-100.9173155,19.6723152],[-100.917394,19.6722688],[-100.9174654,19.6722009],[-100.9175475,19.6721331],[-100.9176831,19.6720403],[-100.9177652,19.6720011],[-100.9180151,19.6719261],[-100.9182256,19.6718654],[-100.9185362,19.6717941],[-100.9186504,19.6717441],[-100.9187111,19.671712],[-100.9188039,19.6716513],[-100.9189403,19.6715724],[-100.9192035,19.6712872],[-100.9194949,19.6708981],[-100.9197479,19.670525],[-100.9198695,19.670325],[-100.9199817,19.6701431],[-100.9200429,19.6701026],[-100.920073,19.6700827],[-100.9201899,19.6700054],[-100.9204272,19.6699125],[-100.9207081,19.6698832],[-100.9210655,19.6698605],[-100.9213603,19.6697941],[-100.9215875,19.6696562],[-100.9217736,19.6695911],[-100.921938,19.6696042],[-100.9221018,19.6697013],[-100.9222525,19.6698463],[-100.9225378,19.6701111],[-100.922631,19.6701789],[-100.9227179,19.6702383],[-100.9228052,19.6702813],[-100.9228904,19.6703069],[-100.9229706,19.6703184],[-100.9231789,19.6702934],[-100.9232433,19.6702832],[-100.9232806,19.6702552],[-100.9233145,19.6702173],[-100.9233547,19.6701554],[-100.9233794,19.6701082],[-100.9233951,19.6700691],[-100.9234035,19.6700214],[-100.9234013,19.6699668],[-100.9233863,19.6699177],[-100.9233647,19.6698783],[-100.9233458,19.6698504],[-100.9233318,19.6698243],[-100.9233131,19.6697957],[-100.9232845,19.6697842],[-100.9232034,19.669667],[-100.9231631,19.6696011],[-100.9231099,19.6695118],[-100.9230756,19.6694138],[-100.9230112,19.6689535],[-100.9230372,19.6688424],[-100.9230802,19.6687287],[-100.9231396,19.6686178],[-100.9232026,19.6685098],[-100.9232652,19.6684107],[-100.9233368,19.6683226],[-100.923424,19.6682541],[-100.9235262,19.6682118],[-100.9236379,19.6681863],[-100.9237455,19.6681549],[-100.9238473,19.6681055],[-100.9239443,19.668028],[-100.9239997,19.6679483],[-100.9240227,19.6677651],[-100.9240244,19.6676549],[-100.9240227,19.6675388],[-100.9240216,19.6675106],[-100.9240207,19.6674874],[-100.9240178,19.6674131],[-100.9240138,19.6672874],[-100.9240107,19.6671654],[-100.9240013,19.667035],[-100.9239971,19.6669078],[-100.923991,19.6667749],[-100.9239858,19.6666412],[-100.9239784,19.6665063],[-100.9239749,19.6663881],[-100.9239748,19.6663823],[-100.9239712,19.6662632],[-100.9239708,19.6661445],[-100.9239735,19.6660268],[-100.9239811,19.6659078],[-100.9239911,19.6657946],[-100.9240245,19.665701],[-100.9240519,19.6656228],[-100.9240983,19.665541],[-100.924148,19.6654685],[-100.9243388,19.6653052],[-100.9245801,19.665199],[-100.9249655,19.6650584],[-100.9252497,19.6649201],[-100.9256125,19.6647176],[-100.9256937,19.6646404],[-100.9257724,19.664571],[-100.9258104,19.664533],[-100.9258434,19.6645],[-100.9259037,19.6644299],[-100.9259381,19.6643548],[-100.9259456,19.6642525],[-100.9259313,19.6641586],[-100.925915,19.6641258],[-100.9258822,19.66406],[-100.9258214,19.6640169],[-100.9257565,19.6639633],[-100.9256786,19.6639222],[-100.9255893,19.6638818],[-100.9254841,19.6638612],[-100.9253754,19.6638408],[-100.9252693,19.6638204],[-100.9251549,19.6638066],[-100.9250363,19.6637929],[-100.9249057,19.6637751],[-100.9247729,19.6637531],[-100.9246423,19.6637289],[-100.9245141,19.6637001],[-100.9243795,19.6636669],[-100.9242415,19.6636339],[-100.9241068,19.6636001],[-100.9239791,19.6635623],[-100.9238629,19.663517],[-100.9237628,19.6634567],[-100.9236796,19.6633865],[-100.9235978,19.6633049],[-100.9235123,19.6632214],[-100.9234208,19.6631419],[-100.9233277,19.6630671],[-100.9232253,19.6630144],[-100.9231147,19.6629732],[-100.9229915,19.6629397],[-100.9229447,19.6629313],[-100.9228556,19.6629153],[-100.9227202,19.6628992],[-100.9225999,19.6628483],[-100.9224782,19.6628015],[-100.922384,19.6627503],[-100.9222738,19.6626843],[-100.9221847,19.662622],[-100.9221021,19.6625456],[-100.9220425,19.6624604],[-100.9220154,19.6623632],[-100.9220153,19.6622682],[-100.9220387,19.6621774],[-100.9220781,19.6621009],[-100.9221915,19.6619355],[-100.92238,19.6617545],[-100.9226343,19.6616004],[-100.9228763,19.6614103],[-100.9230148,19.6611809],[-100.9231623,19.6607509],[-100.9232224,19.6605616],[-100.9232552,19.6604581],[-100.9233825,19.6601674],[-100.9235034,19.6600519],[-100.9235338,19.6599583],[-100.9236147,19.6598488],[-100.9236718,19.6597346],[-100.9237289,19.6595871],[-100.9237813,19.6594586],[-100.9238289,19.6593491],[-100.9238812,19.6592492],[-100.9239764,19.6591492],[-100.9240859,19.6590445],[-100.9242001,19.6589636],[-100.9243476,19.6588447],[-100.9244951,19.6587352],[-100.9246353,19.6585934],[-100.9247208,19.6585193],[-100.9247378,19.6584164],[-100.9247378,19.6583307],[-100.9247378,19.658207],[-100.9247045,19.6581213],[-100.9246522,19.6579738],[-100.9246046,19.6578263],[-100.924557,19.6577073],[-100.9245094,19.6575978],[-100.9244808,19.6574741],[-100.9244808,19.6573837],[-100.9244951,19.6573171],[-100.9245522,19.6572457],[-100.9246189,19.6571886],[-100.9246801,19.6571631],[-100.924933,19.6570743],[-100.9252661,19.6569934],[-100.9255568,19.6569215],[-100.9259372,19.6568283],[-100.9262038,19.6567223],[-100.9263823,19.6565557],[-100.9265104,19.6563648],[-100.926664,19.6561381],[-100.9267417,19.6559108],[-100.9267952,19.6555515],[-100.9268598,19.6553841],[-100.9270514,19.6552803],[-100.9272405,19.655255],[-100.9274548,19.6553524],[-100.9276939,19.6555219],[-100.9278947,19.6557392],[-100.9281961,19.656041],[-100.9284634,19.6561504],[-100.928575,19.6561276],[-100.9287147,19.6560687],[-100.9288931,19.6559141],[-100.9290713,19.6557835],[-100.9292869,19.655725],[-100.9294961,19.6555973],[-100.9295426,19.6553911],[-100.9294318,19.6550067],[-100.9293584,19.6546825],[-100.9293736,19.6543589],[-100.9294237,19.6543079],[-100.9295139,19.654216],[-100.9297071,19.6541046],[-100.9300216,19.6540922],[-100.9303079,19.6541162],[-100.9305939,19.6541131],[-100.9308213,19.6539933],[-100.9309432,19.6538203],[-100.9309254,19.6533628],[-100.9310281,19.6531717],[-100.9311634,19.653072],[-100.9313707,19.6530542],[-100.9316746,19.6530324],[-100.9319783,19.6530345],[-100.9322056,19.6530961],[-100.932508,19.653266],[-100.9328355,19.6534602],[-100.9332198,19.6536333],[-100.9333919,19.6536766],[-100.9336563,19.6536818],[-100.9340866,19.6536848],[-100.9345173,19.6537006],[-100.9349084,19.6537145],[-100.9352249,19.6537647],[-100.9354928,19.6537453],[-100.9355142,19.6537394],[-100.9356846,19.6536382],[-100.9359753,19.65345],[-100.9362523,19.6532707],[-100.936312,19.6532236],[-100.9368663,19.6527854],[-100.9377556,19.6522067],[-100.9386229,19.6515804],[-100.9394439,19.6510058],[-100.9396189,19.6509421],[-100.9397615,19.6509308],[-100.9399006,19.6509347],[-100.9400235,19.6509654],[-100.9401291,19.6510058],[-100.9402302,19.6510756],[-100.9403611,19.6512092],[-100.9404464,19.6513386],[-100.9405353,19.6515069],[-100.9406324,19.6516304],[-100.9407181,19.651691],[-100.9407966,19.6517125],[-100.9408965,19.6517303],[-100.9410289,19.6517146],[-100.9411082,19.6516785],[-100.9411821,19.6516197],[-100.9412392,19.651509],[-100.9412749,19.6514305],[-100.9413034,19.6513448],[-100.9413579,19.6512645],[-100.9415191,19.6511078],[-100.9416229,19.6510714],[-100.9417316,19.6510679],[-100.9419326,19.6511259],[-100.9421112,19.6512542],[-100.9423891,19.6514673],[-100.942629,19.6515128],[-100.9428385,19.6514924],[-100.9430182,19.6513731],[-100.9431972,19.6511905],[-100.9434615,19.6509708],[-100.9436223,19.6508607],[-100.9437169,19.6507964],[-100.9440303,19.6506937],[-100.9445241,19.6505258],[-100.9451322,19.6503566],[-100.9454343,19.6503116],[-100.9455443,19.6503129],[-100.9456341,19.6503365],[-100.9457198,19.6503758],[-100.945784,19.6504115],[-100.945834,19.6504543],[-100.945909,19.6505328],[-100.9459554,19.6506221],[-100.9459911,19.6507613],[-100.9460303,19.6508969],[-100.946048,19.6510137],[-100.9460839,19.6511432],[-100.9461731,19.6513181],[-100.9463363,19.6515152],[-100.9465086,19.6516714],[-100.9467691,19.6517963],[-100.9470261,19.6518763],[-100.9472664,19.65189],[-100.9476207,19.6518924],[-100.9480762,19.6519076],[-100.9483294,19.6518974],[-100.948593,19.6519179],[-100.9488044,19.6520511],[-100.9490265,19.6522836],[-100.9490927,19.6524385],[-100.9492615,19.6527959],[-100.9496402,19.6534723],[-100.9497055,19.6534984],[-100.9497825,19.6535199],[-100.9498353,19.6535152],[-100.9498972,19.6534878],[-100.9501221,19.6533135],[-100.9503456,19.6531073],[-100.9505902,19.6528884],[-100.9507946,19.65265],[-100.9510789,19.6525369],[-100.9514138,19.6524337],[-100.9517171,19.6523884],[-100.9521603,19.6523435],[-100.9524601,19.6523728],[-100.9527923,19.6524438],[-100.9530908,19.6524924],[-100.9536625,19.6524591],[-100.9539078,19.6524691],[-100.9541872,19.6524805],[-100.9546528,19.6525513],[-100.9546908,19.6525571],[-100.9547412,19.6525648],[-100.9552669,19.6526674],[-100.95563,19.6527358],[-100.9560548,19.6527661],[-100.9562951,19.6527797],[-100.9564344,19.6527687],[-100.9565737,19.6527577],[-100.9569163,19.6526401],[-100.9572081,19.6525462],[-100.9575209,19.6522003],[-100.9577267,19.6518729],[-100.9580376,19.6515624],[-100.9581174,19.6514607],[-100.9581828,19.6513773],[-100.9584056,19.6512513],[-100.9587254,19.6509687],[-100.958987,19.6505507],[-100.9591446,19.6502068],[-100.959308,19.6498724],[-100.9594318,19.6497082],[-100.9596991,19.6494942],[-100.9600513,19.6493635],[-100.960441,19.6492689],[-100.9608595,19.6491831],[-100.961246,19.6490972],[-100.9615883,19.6490156],[-100.9618806,19.6488618],[-100.9620209,19.6487189],[-100.9621865,19.6485641],[-100.9624032,19.6483618],[-100.9627353,19.6481961],[-100.9630302,19.6481387],[-100.9632498,19.6481633],[-100.9634796,19.6482421],[-100.9637194,19.648366],[-100.9640849,19.6485412],[-100.964439,19.6487375],[-100.9647405,19.6488574],[-100.9650049,19.649039],[-100.9654088,19.6491737],[-100.9658262,19.6492005],[-100.9661428,19.6492879],[-100.9664571,19.6494446],[-100.9665954,19.6495654],[-100.9667583,19.6497703],[-100.9670479,19.6499641],[-100.967225,19.6499653],[-100.9674409,19.6498709],[-100.9677841,19.6496694],[-100.9681768,19.6496122],[-100.968657,19.6496994],[-100.9689999,19.6496494],[-100.9690498,19.6496421],[-100.9695448,19.6494417],[-100.9698355,19.6493958],[-100.9699617,19.6494032],[-100.9700851,19.6494303],[-100.9702006,19.6494779],[-100.9703062,19.6495416],[-100.9703885,19.6496423],[-100.9704636,19.6497335],[-100.9707241,19.6501779],[-100.9707651,19.6502953],[-100.9708287,19.6504554],[-100.970875,19.6505364],[-100.971243,19.650784],[-100.9714637,19.6509008],[-100.9717002,19.6510495],[-100.9719153,19.6511849],[-100.9724916,19.6515308],[-100.9728653,19.6516803],[-100.9730091,19.6517509],[-100.973584,19.6519795],[-100.9744376,19.6523856],[-100.975146,19.6526218],[-100.9755942,19.6526258],[-100.976279,19.6524919],[-100.9772205,19.6522918],[-100.9779997,19.6520755],[-100.9787587,19.6517691],[-100.9791571,19.6516021],[-100.9792893,19.6515013],[-100.9794595,19.6513819],[-100.9795866,19.6512146],[-100.9798683,19.6508436],[-100.9799126,19.6508004],[-100.9800765,19.6506408],[-100.9803342,19.6504058],[-100.9807888,19.6501569],[-100.981064,19.6500455],[-100.9813589,19.6499971],[-100.9816636,19.6499666],[-100.9819687,19.6499633],[-100.9822648,19.6500052],[-100.9826563,19.650055],[-100.9829711,19.6500696],[-100.9831803,19.6500222],[-100.9834734,19.6498202],[-100.9840215,19.6494258],[-100.9843905,19.6491959],[-100.9845993,19.6491123],[-100.9847565,19.6491375],[-100.9848638,19.6491882],[-100.9850992,19.6493724],[-100.985319,19.6494927],[-100.9854435,19.6495365],[-100.9857005,19.6494975],[-100.9859461,19.6493142],[-100.9862208,19.6491666],[-100.9866485,19.6490625],[-100.9868764,19.6489878],[-100.9872,19.648939],[-100.9875426,19.64889],[-100.9880844,19.6487486],[-100.9884165,19.6486184],[-100.9887871,19.6484564],[-100.9890023,19.6484459],[-100.9891539,19.6484829],[-100.9893045,19.6486517],[-100.9894416,19.6489284],[-100.9895413,19.6491329],[-100.9896765,19.6494778],[-100.989678,19.6494814],[-100.9898402,19.6497823],[-100.9899464,19.6501146],[-100.9899812,19.6500793],[-100.9899515,19.6501307],[-100.9898976,19.6505739],[-100.989703,19.65122],[-100.9895358,19.6515786],[-100.9895389,19.6516397],[-100.9895469,19.6517944],[-100.9896092,19.6519267],[-100.989798,19.6520599],[-100.9901761,19.6521488],[-100.9904222,19.6522449],[-100.9906265,19.6523245],[-100.9911434,19.6524904],[-100.991489,19.6526853],[-100.9915162,19.6527075],[-100.9920476,19.6531398],[-100.9925866,19.6535493],[-100.9935004,19.6541986],[-100.9939812,19.6545275],[-100.9942323,19.6547869],[-100.9943293,19.6549217],[-100.9944578,19.6551001],[-100.994657,19.655533],[-100.9947685,19.6558695],[-100.9948662,19.6563377],[-100.9949906,19.6566263],[-100.9952041,19.6568555],[-100.9954677,19.657145],[-100.9956166,19.6575416],[-100.9958044,19.6578186],[-100.9960696,19.6579043],[-100.9963477,19.6579421],[-100.9968288,19.6579213],[-100.9971702,19.6579595],[-100.9974987,19.6580336],[-100.9977038,19.6581252],[-100.9979941,19.6582615],[-100.9985105,19.6585946],[-100.9988157,19.6587266],[-100.9989337,19.658758],[-100.9990394,19.6587861],[-100.9990644,19.6587927],[-100.9991913,19.6588073],[-100.9994505,19.6588081],[-100.9998118,19.6588044],[-101.0000366,19.6588449],[-101.0000823,19.6588629],[-101.0002528,19.6589301],[-101.0004697,19.6590689],[-101.0010188,19.6595012],[-101.0010546,19.6595289],[-101.0012437,19.6596755],[-101.0012933,19.6597017],[-101.001508,19.6599239],[-101.0017035,19.6602325],[-101.0018581,19.6604888],[-101.0019806,19.6606022],[-101.0021228,19.6606771],[-101.0023152,19.6607323],[-101.0025035,19.660864],[-101.0025268,19.6609232],[-101.0025765,19.6610496],[-101.0026895,19.661622],[-101.0027692,19.6623524],[-101.0028966,19.6632591],[-101.0029134,19.6633928],[-101.0029753,19.6635068],[-101.0030569,19.6635776],[-101.0035605,19.6639066],[-101.0036826,19.6639865],[-101.0038104,19.6641141],[-101.0039851,19.6643703],[-101.005233,19.6661011],[-101.005254,19.6661303],[-101.0053662,19.6662859],[-101.0055196,19.6664515],[-101.005667,19.6665359],[-101.0058143,19.6666155],[-101.0059971,19.6667042],[-101.0061245,19.666808],[-101.0062638,19.6670502],[-101.0064598,19.6677686],[-101.0064792,19.6678397],[-101.006581,19.6682129],[-101.0065884,19.6683993],[-101.0065768,19.6686862],[-101.0063969,19.6692283],[-101.0061831,19.6698951],[-101.0060855,19.6702571],[-101.0060639,19.6705489],[-101.0060922,19.6707971],[-101.0061905,19.670992],[-101.0063919,19.6713626],[-101.0069863,19.672332],[-101.007065,19.6725748],[-101.0070383,19.6728619],[-101.0068759,19.6731936],[-101.0066526,19.6734972],[-101.0065815,19.673636],[-101.0064457,19.673901],[-101.0061943,19.674377],[-101.0056553,19.6760751],[-101.0055732,19.6770132],[-101.0055728,19.677018],[-101.005536,19.6774387],[-101.0055294,19.6775228],[-101.0055099,19.6777688],[-101.0056983,19.6783116],[-101.0057479,19.6810785],[-101.0058266,19.6813214],[-101.0061929,19.6815611],[-101.007409,19.6819633],[-101.0078168,19.6818871],[-101.0080885,19.6818267],[-101.0082704,19.681839],[-101.0084232,19.681952],[-101.0087606,19.6823067],[-101.0088235,19.6824924],[-101.0088208,19.6825104],[-101.0087956,19.6826791],[-101.0086325,19.6829534],[-101.0086221,19.6833407],[-101.0087903,19.6834679],[-101.0103713,19.6839951],[-101.0104185,19.6841379],[-101.0106525,19.6846945],[-101.0117385,19.6855857],[-101.0121346,19.6857821],[-101.0123413,19.6858274],[-101.0124201,19.6858447],[-101.0134401,19.6860685],[-101.0136394,19.6862671],[-101.0136416,19.6864391],[-101.0135258,19.6868706],[-101.0133786,19.6872021],[-101.0132533,19.6880782],[-101.0133729,19.6883612],[-101.0141375,19.688974],[-101.0147585,19.6891941],[-101.015314,19.6892237],[-101.015666,19.6891241],[-101.0160282,19.6888333],[-101.0164526,19.68847],[-101.0165901,19.6883729],[-101.0176212,19.6880984],[-101.0179499,19.6881545],[-101.0181665,19.6883193],[-101.0184827,19.6883875],[-101.0190257,19.6884292],[-101.01934,19.688342],[-101.0196302,19.6883387],[-101.020047,19.6883818],[-101.0204653,19.6885325],[-101.0206145,19.6886645],[-101.0206296,19.688678],[-101.0213583,19.689323],[-101.0215361,19.6894166],[-101.0217888,19.6894496],[-101.0221036,19.6893983],[-101.0240633,19.6887309],[-101.0242515,19.6886451],[-101.0244895,19.688511],[-101.0247278,19.6884008],[-101.0249414,19.6883267],[-101.0253576,19.688322],[-101.0256982,19.6883181],[-101.0259999,19.6882311],[-101.0267939,19.6878707],[-101.0268571,19.687842],[-101.0272418,19.6876674],[-101.0274792,19.6874855],[-101.0278039,19.6872189],[-101.0282911,19.686843],[-101.0288546,19.686502],[-101.0295309,19.686112],[-101.0303072,19.6856491],[-101.0305938,19.6855115],[-101.0310972,19.6852698],[-101.0317147,19.685215],[-101.0336338,19.6853366],[-101.034194,19.6853887],[-101.0342214,19.6853912],[-101.0351243,19.6854751],[-101.0367073,19.685959],[-101.0376699,19.6862817],[-101.0394182,19.6868593],[-101.0399842,19.6870475],[-101.0409474,19.6873677],[-101.0412407,19.6874169],[-101.0416797,19.687412],[-101.0420294,19.6873506],[-101.04206,19.6873452],[-101.0426414,19.6872433],[-101.0431336,19.6871681],[-101.043142,19.6871668],[-101.0433515,19.6871348],[-101.0436282,19.6870887],[-101.0452298,19.6868219],[-101.0454011,19.686796],[-101.047449,19.6864309],[-101.047939,19.68627],[-101.0481584,19.6861659],[-101.0484072,19.6860488],[-101.0486789,19.685921],[-101.0492676,19.6855916],[-101.0501595,19.6850249],[-101.0502249,19.6849832],[-101.0510055,19.6845316],[-101.0510238,19.6845211],[-101.0511204,19.6844652],[-101.0512328,19.6843974],[-101.0512523,19.6843857],[-101.0517889,19.6840624],[-101.0517947,19.6840589],[-101.0535673,19.6829911],[-101.0536388,19.682948],[-101.0539673,19.6827502],[-101.054422,19.6824866],[-101.0545523,19.682411],[-101.0545669,19.6824026],[-101.054806,19.682264],[-101.0549029,19.6822078],[-101.0559734,19.6815872],[-101.0563955,19.6813984],[-101.0568168,19.6812],[-101.057213,19.6811022],[-101.0576259,19.6811005],[-101.0577049,19.6811002],[-101.0582199,19.6811194],[-101.0585059,19.6811501],[-101.0585662,19.6811565],[-101.0591256,19.6812165],[-101.0592956,19.6811931],[-101.0596895,19.6812172],[-101.0611065,19.6813408],[-101.0619219,19.6814161],[-101.0620003,19.6814234],[-101.063039,19.6815193],[-101.0650246,19.6817152],[-101.0658627,19.681801],[-101.0659497,19.68181],[-101.0663042,19.6818463],[-101.0669118,19.6819085],[-101.0681769,19.6820381],[-101.0681844,19.6820389],[-101.0686739,19.682089],[-101.0690187,19.6821154],[-101.0690264,19.682116],[-101.0700889,19.6822045],[-101.0705505,19.6822476],[-101.0705782,19.6822502],[-101.0714347,19.6823302],[-101.0716614,19.682368],[-101.0717192,19.6823777],[-101.0717633,19.6823886],[-101.0717688,19.6823899],[-101.0723203,19.6825261],[-101.0728151,19.6827474],[-101.0730702,19.6828749],[-101.0730788,19.6828792],[-101.0735103,19.6830949],[-101.0739523,19.6833795],[-101.0742372,19.6835507],[-101.0749281,19.6839657],[-101.0751656,19.6841103],[-101.0753635,19.6842307],[-101.0753772,19.6842391],[-101.0754788,19.6843009],[-101.0754861,19.6843054],[-101.0758389,19.6845201],[-101.0758739,19.6845415],[-101.0763776,19.6848481],[-101.0768335,19.6851312],[-101.0768479,19.6851402],[-101.0783183,19.6860534],[-101.0785929,19.6862128],[-101.0787808,19.6863078],[-101.0787875,19.6863112],[-101.0794018,19.6866217],[-101.0796715,19.686758],[-101.0797205,19.6867828],[-101.0802151,19.6869512],[-101.0802254,19.6869547],[-101.0807037,19.6871175],[-101.0807207,19.6871233],[-101.0807372,19.6871289],[-101.0811599,19.6872728],[-101.081778,19.6874774],[-101.0818767,19.6875101],[-101.082492,19.6877138],[-101.0825209,19.6877234],[-101.0843177,19.6883183],[-101.0843284,19.6883218],[-101.0845352,19.6883903],[-101.0851939,19.6886025],[-101.0854504,19.6886962],[-101.0855116,19.6887186],[-101.0859545,19.6888804],[-101.0863325,19.6889612],[-101.0863348,19.6889617],[-101.086429,19.6889819],[-101.0864337,19.6889829],[-101.0864358,19.6889833],[-101.0868451,19.6890708],[-101.0877565,19.6893087],[-101.0878701,19.6893166],[-101.0878801,19.6893173],[-101.0882313,19.6893415],[-101.0885683,19.6892731],[-101.0886531,19.6892559],[-101.0888646,19.689213],[-101.0888703,19.6892118],[-101.0892065,19.6891436],[-101.0892736,19.68913],[-101.0896808,19.6890474],[-101.0899694,19.6890326],[-101.0900009,19.689031],[-101.090407,19.6890102],[-101.0911631,19.6891108],[-101.0912663,19.6891245],[-101.0921574,19.6892217],[-101.0922546,19.6892323],[-101.0926914,19.68928],[-101.0928705,19.689283],[-101.0928871,19.6892833],[-101.0933576,19.6892913],[-101.0944449,19.6891756],[-101.0948381,19.6890963],[-101.0951437,19.6889557],[-101.0951579,19.6889492],[-101.0954655,19.6888577],[-101.0959356,19.688718],[-101.0959706,19.6887209],[-101.0966665,19.6887771],[-101.0971408,19.6889068],[-101.0976401,19.6890433],[-101.0980716,19.6892279],[-101.0985325,19.6894664],[-101.0988026,19.6896265],[-101.0988183,19.6896357],[-101.0989361,19.6897055],[-101.099368,19.6899173],[-101.0994565,19.68992],[-101.0999976,19.689937],[-101.1000085,19.689933],[-101.1002238,19.6898536],[-101.1002733,19.6898354],[-101.100681,19.6896851],[-101.1013493,19.6894344],[-101.101425,19.689406],[-101.1017917,19.6892685],[-101.1018063,19.689263],[-101.1022467,19.6890978],[-101.1024602,19.6890276],[-101.1027692,19.688926],[-101.102845,19.6889011],[-101.1032712,19.6886793],[-101.1034217,19.6885852],[-101.1034399,19.6885738],[-101.1039764,19.6882381],[-101.1040657,19.6881823],[-101.1045739,19.6876614],[-101.1046263,19.6876244],[-101.1048857,19.687441],[-101.1051141,19.6874113],[-101.1055235,19.6875625],[-101.1055309,19.6875652],[-101.1058335,19.687677],[-101.1058469,19.6876819],[-101.1058846,19.6876959],[-101.1064791,19.6879154],[-101.1070153,19.6881135],[-101.1073181,19.6882254],[-101.1074316,19.688268],[-101.1074418,19.6882719],[-101.1079715,19.688471],[-101.1080146,19.6884872],[-101.108052,19.6885012],[-101.1080668,19.6885068],[-101.1083451,19.6886114],[-101.1083644,19.6886187],[-101.1085064,19.6886721],[-101.1086841,19.6887187],[-101.1087793,19.6887436],[-101.1093964,19.6889055],[-101.1098593,19.6888679],[-101.1098787,19.6888663],[-101.1102512,19.6888361],[-101.1105681,19.6888104],[-101.1108629,19.6888087],[-101.1108738,19.6888086],[-101.1113354,19.6887776],[-101.1113593,19.688776],[-101.1119493,19.6887363],[-101.1124157,19.6887001],[-101.112922,19.6886659],[-101.1133941,19.6886297],[-101.1137977,19.6885992],[-101.1140489,19.6885783],[-101.1144449,19.6885536],[-101.1151302,19.6885117],[-101.1160277,19.688444],[-101.1160585,19.6884417],[-101.1160895,19.6884393],[-101.1167387,19.6883979],[-101.1167615,19.6883977],[-101.1168941,19.6883891],[-101.1169409,19.6883861],[-101.1171637,19.6883717],[-101.11718,19.6883707],[-101.1173652,19.6883587],[-101.1178865,19.6883251],[-101.1185969,19.6882783],[-101.1186051,19.6882778],[-101.1188973,19.6882585],[-101.1195807,19.6881995],[-101.1203136,19.6881538],[-101.1208362,19.6881188],[-101.1208421,19.6881184],[-101.1208753,19.6881161],[-101.1209765,19.6881093],[-101.121052,19.6881038],[-101.1210796,19.6881017],[-101.1214695,19.6880729],[-101.1215072,19.6880701],[-101.121954,19.6880371],[-101.1219556,19.6880369],[-101.1222033,19.6880215],[-101.1222746,19.6880167],[-101.1223711,19.6880103],[-101.1227006,19.6879882],[-101.1231092,19.6879548],[-101.1232241,19.6879454],[-101.1235192,19.6879287],[-101.1236953,19.6879121],[-101.1240956,19.6878884],[-101.1242187,19.6878811],[-101.1246063,19.6878473],[-101.1246113,19.6878468],[-101.1247089,19.6878383],[-101.1251415,19.6878105],[-101.1252276,19.687805],[-101.1253255,19.687799],[-101.1253802,19.6877957],[-101.1254555,19.6877911],[-101.1256964,19.6877764],[-101.1261769,19.6877463],[-101.1262675,19.6877384],[-101.1265409,19.6877025],[-101.1265524,19.687701],[-101.1266125,19.6876931],[-101.1266886,19.6876836],[-101.1267552,19.6876717],[-101.1268314,19.6876575],[-101.1269147,19.687636],[-101.1269983,19.6876133],[-101.1271241,19.6875551],[-101.1273835,19.6874278],[-101.1274015,19.687419],[-101.1274047,19.6874174],[-101.1278009,19.687223],[-101.1278105,19.6872182],[-101.1278994,19.6871746],[-101.1279513,19.6871491],[-101.1279539,19.6871479],[-101.1279728,19.6871386],[-101.128019,19.6871159],[-101.1281514,19.6870509],[-101.1283132,19.6869201],[-101.1286821,19.6867267],[-101.1286936,19.6867207],[-101.1289732,19.6865742],[-101.1289961,19.6865622],[-101.1290558,19.6865309],[-101.1290643,19.6865264],[-101.1293982,19.6863514],[-101.1296303,19.6862376],[-101.1296354,19.6862351],[-101.1299013,19.6861047],[-101.1300145,19.6860492],[-101.1301263,19.6859897],[-101.1302987,19.6859017],[-101.1303944,19.6858528],[-101.1303961,19.685852],[-101.1304118,19.685844],[-101.1304619,19.6858184],[-101.1307069,19.6857184],[-101.1308664,19.6856732],[-101.1310163,19.6856613],[-101.1311352,19.6856613],[-101.1312732,19.6856828],[-101.1315017,19.6857399],[-101.1318467,19.6858303],[-101.1321726,19.6859156],[-101.1322012,19.6859231],[-101.1323975,19.6859836],[-101.1324185,19.6859901],[-101.1324311,19.6859939],[-101.1325486,19.6860302],[-101.1328627,19.686142],[-101.1330826,19.6862281],[-101.1330917,19.6862317],[-101.1332149,19.68628],[-101.133543,19.6864351],[-101.133635,19.6864788],[-101.1337265,19.6865232],[-101.1337286,19.6865242],[-101.1338671,19.6865915],[-101.1341148,19.6867047],[-101.1341633,19.6867269],[-101.1343984,19.6868242],[-101.134405,19.686827],[-101.1345992,19.6869074],[-101.1348388,19.6870526],[-101.1348539,19.6870638],[-101.1350957,19.6872433],[-101.135097,19.6872443],[-101.1352057,19.687325],[-101.1352294,19.6873426],[-101.1355738,19.6875739],[-101.1355859,19.6875822],[-101.1357425,19.6876901],[-101.1359348,19.6878195],[-101.1359881,19.687861],[-101.1360718,19.6879261],[-101.1361613,19.6880099],[-101.1362864,19.6881413],[-101.1363193,19.6881831],[-101.1363802,19.688284],[-101.1364449,19.6883925],[-101.1364982,19.6885277],[-101.1365439,19.6886514],[-101.1365465,19.688659],[-101.1365687,19.6887256],[-101.1365801,19.6888227],[-101.1365877,19.6889522],[-101.1365839,19.6890569],[-101.1365839,19.6891427],[-101.1365839,19.6892301],[-101.1365858,19.6893329],[-101.1366106,19.68943],[-101.1366258,19.6895023],[-101.1366581,19.6896013],[-101.1366855,19.689677],[-101.1367286,19.6897555],[-101.1367914,19.6898583],[-101.1368542,19.6899211],[-101.1369266,19.6899763],[-101.1370179,19.6900448],[-101.1371131,19.6901019],[-101.1371988,19.6901343],[-101.1373282,19.6901666],[-101.1374396,19.6901881],[-101.1374767,19.6901952],[-101.1376708,19.6902276],[-101.1378482,19.6902569],[-101.1378569,19.6902583],[-101.1379354,19.6902713],[-101.1381334,19.6902866],[-101.1381852,19.6902909],[-101.1382065,19.6902927],[-101.1382152,19.6902934],[-101.1382288,19.6902946],[-101.1384056,19.6903094],[-101.1387654,19.6903437],[-101.1389672,19.6903646],[-101.1391284,19.6904039],[-101.1391613,19.6904103],[-101.1393824,19.6905157],[-101.139445,19.6905455],[-101.139493,19.6905757],[-101.1396658,19.6906844],[-101.1400465,19.6909128],[-101.1404558,19.691166],[-101.1404662,19.6911736],[-101.1404856,19.6911878],[-101.1404922,19.6911926],[-101.1405262,19.6912174],[-101.1406404,19.6913183],[-101.1407022,19.6913865],[-101.140787,19.6914801],[-101.1408974,19.6916248],[-101.1409742,19.6917229],[-101.1409757,19.6917249],[-101.1410345,19.6917999],[-101.1410992,19.6918722],[-101.1412457,19.6919636],[-101.1413428,19.6919998],[-101.1414266,19.6920264],[-101.1415084,19.692036],[-101.1415462,19.6920379],[-101.1416188,19.6920417],[-101.1417216,19.692036],[-101.1418587,19.6920226],[-101.141935,19.6920136],[-101.1419387,19.6920132],[-101.1421005,19.6919941],[-101.1423262,19.6919632],[-101.1423295,19.6919628],[-101.1424069,19.6919522],[-101.1426544,19.6919274],[-101.1428695,19.6919276],[-101.1430046,19.6919351],[-101.1431875,19.6919558],[-101.1433511,19.6919807],[-101.1434347,19.6920046],[-101.143441,19.6920064],[-101.143465,19.6920133],[-101.1434977,19.6920226],[-101.1436309,19.6920702],[-101.1437166,19.6921197],[-101.1438153,19.6921672],[-101.1438222,19.6921705],[-101.143917,19.6922161],[-101.1441093,19.6923087],[-101.1443247,19.6924043],[-101.1443343,19.6924086],[-101.1444375,19.6924544],[-101.1444479,19.6924597],[-101.1445356,19.692504],[-101.1445389,19.6925057],[-101.144917,19.6926969],[-101.1450458,19.6927633],[-101.1450548,19.692768],[-101.1451554,19.6928198],[-101.145161,19.6928227],[-101.1451833,19.6928342],[-101.1454343,19.6929636],[-101.1454434,19.6929708],[-101.1458752,19.6933138],[-101.146144,19.6935408],[-101.1461571,19.6935519],[-101.1462125,19.6935986],[-101.146215,19.6936008],[-101.1463925,19.6937506],[-101.146404,19.6937604],[-101.1468074,19.6940264],[-101.1470511,19.6941698],[-101.1470728,19.694181],[-101.1471264,19.6942087],[-101.1471404,19.694216],[-101.1472081,19.694251],[-101.1473191,19.6943035],[-101.1473813,19.6943329],[-101.147497,19.6943775],[-101.1475393,19.6943938],[-101.1477468,19.6944414],[-101.1478294,19.6944551],[-101.1478327,19.6944557],[-101.147927,19.6944714],[-101.147941,19.6944737],[-101.1480204,19.6944842],[-101.148158,19.6945023],[-101.1482134,19.6945067],[-101.1482153,19.6945068],[-101.1483027,19.6945137],[-101.1484626,19.6945175],[-101.1486787,19.6945334],[-101.1487606,19.6945394],[-101.148765,19.6945397],[-101.1491364,19.694567],[-101.1491631,19.6945925],[-101.1491642,19.6945935],[-101.1491866,19.6946227],[-101.1491879,19.6946244],[-101.1492116,19.6946552],[-101.1492112,19.6946581],[-101.149285,19.6946558],[-101.1494801,19.6946576],[-101.1495367,19.6946581],[-101.1495404,19.6946581],[-101.1495348,19.6947193],[-101.1495123,19.6949658],[-101.149514,19.6950944],[-101.1495149,19.6951586],[-101.1495158,19.6952229],[-101.1495162,19.6952592],[-101.1495167,19.6952956],[-101.1495229,19.6953236],[-101.1495794,19.6955799],[-101.1495892,19.6956245],[-101.1496993,19.6959314],[-101.1497957,19.6960629],[-101.1498296,19.6961092],[-101.1498608,19.6961518],[-101.1498921,19.6961944],[-101.1502525,19.6964653],[-101.1503262,19.6965207],[-101.1503999,19.696576],[-101.1508308,19.6969313],[-101.1508868,19.6969778],[-101.1509425,19.6970241],[-101.1509555,19.6970348],[-101.151143,19.6971806],[-101.1511599,19.6972092],[-101.151257,19.6974052],[-101.1514245,19.6975461],[-101.1521707,19.6981419],[-101.1531514,19.6989126],[-101.1532164,19.6989637],[-101.1533285,19.6990517],[-101.1533968,19.6991054],[-101.1536726,19.6993221],[-101.1538742,19.6994971],[-101.1538896,19.6995106],[-101.1542643,19.6997904],[-101.1543781,19.6998754],[-101.1544161,19.6999053],[-101.15479,19.7001997],[-101.1548043,19.7002111],[-101.1550169,19.700381],[-101.1550782,19.7004301],[-101.1552294,19.7005509],[-101.1552911,19.7006003],[-101.15554,19.7007993],[-101.1559411,19.7011141],[-101.1560022,19.701162],[-101.1570705,19.7020005],[-101.1573613,19.7022358],[-101.1575286,19.7023712],[-101.1578491,19.7026305],[-101.1581236,19.7028472],[-101.1581949,19.7029035],[-101.158246,19.7029439],[-101.1583476,19.7030244],[-101.1589563,19.7035103],[-101.1597929,19.7041783],[-101.1599171,19.7042774],[-101.1599715,19.7043209],[-101.16009,19.704422],[-101.1602784,19.70454],[-101.1604162,19.7046493],[-101.1604714,19.7046931],[-101.1606175,19.704809],[-101.1608956,19.7050296],[-101.160963,19.7050924],[-101.161039,19.7051633],[-101.1612038,19.7053171],[-101.1624797,19.7062793],[-101.1625608,19.7063474],[-101.1625922,19.7063781],[-101.1631942,19.7069659],[-101.1634168,19.7070239],[-101.1634874,19.7071001],[-101.1635811,19.7072106],[-101.1636132,19.7072484],[-101.1636748,19.707321],[-101.1638138,19.7075082],[-101.1640061,19.7077594],[-101.1642486,19.708076],[-101.1643139,19.7081612],[-101.1643598,19.7082212],[-101.1644911,19.7083926],[-101.164564,19.7084854],[-101.1645777,19.7085029],[-101.1646125,19.7085471],[-101.164641,19.7085835],[-101.1647183,19.7086819],[-101.1648553,19.7088562],[-101.1649304,19.7089536],[-101.1651141,19.70919],[-101.165251,19.7093619],[-101.1654272,19.7095428],[-101.1654688,19.7095777],[-101.1655974,19.7096592],[-101.1656667,19.7096999],[-101.1658245,19.7097847],[-101.1658542,19.709796],[-101.1659002,19.7098134],[-101.1659759,19.7098422],[-101.1660785,19.7098581],[-101.1661523,19.7098719],[-101.1662056,19.7098985],[-101.1662438,19.7099241],[-101.1662495,19.7099308],[-101.1662783,19.7099645],[-101.1662923,19.7100056],[-101.1663057,19.7100537],[-101.1663116,19.7101346],[-101.1663388,19.7102412],[-101.1664089,19.7104774],[-101.1664548,19.7105256],[-101.1665008,19.7105739],[-101.1665763,19.7106493],[-101.1667861,19.7108337],[-101.1672813,19.7112358],[-101.16731,19.7112592],[-101.167395,19.7113282],[-101.1678676,19.7116814],[-101.168001,19.7117811],[-101.1682168,19.7119425],[-101.1683184,19.7120184],[-101.1687062,19.7123083],[-101.168918,19.712463],[-101.1690128,19.7125357],[-101.1691121,19.7126121],[-101.1694819,19.712896],[-101.1694843,19.7129865],[-101.1700935,19.713429],[-101.170312,19.7135856],[-101.170407,19.7136537],[-101.1705305,19.7137422],[-101.1705629,19.7137654],[-101.1708375,19.7139622],[-101.1709084,19.714013],[-101.1710012,19.7140795],[-101.1713374,19.7143204],[-101.171422,19.714381],[-101.171445,19.7143975],[-101.1715788,19.7145063],[-101.1716643,19.7145757],[-101.1717757,19.7146664],[-101.1718371,19.7147134],[-101.1719589,19.7148067],[-101.1719978,19.7148358],[-101.172358,19.7151056],[-101.1725328,19.7152365],[-101.1726274,19.7153074],[-101.172668,19.7153378],[-101.1730678,19.7156372],[-101.1731348,19.7156877],[-101.1731605,19.7157071],[-101.1732389,19.7157662],[-101.1735036,19.7159657],[-101.1735789,19.7160224],[-101.1739395,19.7162941],[-101.1740362,19.716367],[-101.1741532,19.7164552],[-101.1742243,19.7165088],[-101.1745454,19.7167508],[-101.1749821,19.7170934],[-101.1751668,19.7172384],[-101.1752671,19.7173171],[-101.1753556,19.7173865],[-101.1754187,19.717436],[-101.1756002,19.7175728],[-101.1756684,19.7176242],[-101.1757818,19.7177096],[-101.1759683,19.7178501],[-101.1764658,19.7182248],[-101.176629,19.7183482]]]}},{"type":"Feature","properties":{"id":"F8_1","routeId":"F8","routeName":"CD Hidalgo","direction":"vuelta","directionIndex":2,"color":"#FFC800","casingColor":"#222222","transportType":"bus","name":"Vuelta","geometrySource":"official-kml-explicit-coordinates","matchingEngine":"none"},"geometry":{"type":"MultiLineString","coordinates":[[[-100.9490927,19.6524385],[-100.9490365,19.6523196],[-100.9490265,19.6522836]],[[-100.9490265,19.6522836],[-100.9490927,19.6524385]],[[-101.18241,19.7164878],[-101.1818338,19.7169331],[-101.1817901,19.7169652],[-101.1817168,19.7170191],[-101.180606,19.7178349],[-101.180485,19.7179212],[-101.1804606,19.7179385],[-101.1803639,19.7180074],[-101.1801869,19.7181335],[-101.1801217,19.7181799],[-101.1800256,19.7182508],[-101.179953,19.7183045],[-101.1784776,19.7193958],[-101.1784552,19.719421],[-101.178437,19.7194493],[-101.1784232,19.7194801],[-101.1784143,19.7195126],[-101.1784105,19.719546],[-101.1784118,19.7195797],[-101.1784182,19.7196128],[-101.1784296,19.7196445],[-101.1784564,19.719737],[-101.1784831,19.7197601],[-101.1785763,19.7198216],[-101.1786247,19.7198494],[-101.1787233,19.7199017],[-101.1787734,19.7199263],[-101.1788765,19.7199692],[-101.1789821,19.7200054],[-101.1790898,19.7200349],[-101.1791992,19.7200575],[-101.1793097,19.7200732],[-101.179421,19.7200819],[-101.1795327,19.7200835],[-101.1796442,19.7200781],[-101.1797552,19.7200656],[-101.1798651,19.7200461],[-101.1799736,19.7200198],[-101.1800802,19.7199867],[-101.1801846,19.7199468],[-101.1802862,19.7199005],[-101.1803301,19.7198797],[-101.1804068,19.7198378],[-101.180633,19.7197142],[-101.1806667,19.7196957],[-101.1807047,19.7196775],[-101.180951,19.7195598],[-101.1810566,19.7195013],[-101.181158,19.7194427],[-101.1813787,19.7193346],[-101.1814449,19.7193022],[-101.1815135,19.7192686],[-101.1817219,19.7191743],[-101.1818001,19.7191462],[-101.1818783,19.719118],[-101.1818848,19.7191156],[-101.1819318,19.7190987],[-101.1820203,19.7190741],[-101.1821157,19.7190477],[-101.1822012,19.719024],[-101.1823016,19.7190116],[-101.18255,19.7189873],[-101.1826142,19.718988],[-101.1826785,19.7189887],[-101.1827054,19.718989],[-101.1827311,19.7189893],[-101.182807,19.7189902],[-101.1829269,19.7190009],[-101.1830468,19.7190116],[-101.1833024,19.7190544],[-101.1835494,19.7191258],[-101.1836678,19.7191686],[-101.1839223,19.7192766],[-101.1840042,19.7193113],[-101.1841806,19.7193896],[-101.1844886,19.7195315],[-101.1845337,19.7195523],[-101.184669,19.7196148],[-101.1848134,19.7196814],[-101.1851376,19.7198311],[-101.185331,19.719822],[-101.185411,19.7198182],[-101.1856081,19.7199039],[-101.1856561,19.7199263],[-101.1857775,19.7199829],[-101.1859894,19.7200816],[-101.1860419,19.7201061],[-101.1860743,19.7201212],[-101.1861832,19.720172],[-101.1869305,19.7205203],[-101.1871124,19.7206052],[-101.1871946,19.7206435],[-101.1873885,19.7207345],[-101.1881122,19.7210458],[-101.1881046,19.7211412],[-101.1880941,19.7211702],[-101.1880799,19.7212097],[-101.1880636,19.7212478],[-101.188057,19.721263],[-101.1880385,19.721285],[-101.1880171,19.7213106],[-101.1879595,19.7213611],[-101.1876711,19.7212364],[-101.1876537,19.7212289],[-101.1872863,19.7210701],[-101.1871519,19.721012],[-101.1870623,19.7209732],[-101.1869645,19.720931],[-101.1866131,19.7207791],[-101.1863794,19.7206723],[-101.1863378,19.7206533],[-101.1862488,19.7206126],[-101.1859926,19.7204956],[-101.1859104,19.720458],[-101.1858393,19.7204255],[-101.1857432,19.7203816],[-101.1857137,19.7203681],[-101.1856841,19.7203546],[-101.1856631,19.720345],[-101.1855209,19.7202801],[-101.1854396,19.7202429],[-101.1853361,19.7201956],[-101.1852571,19.7201595],[-101.1852553,19.7201587],[-101.1852048,19.7201356],[-101.1851925,19.72013],[-101.1850919,19.7200841],[-101.1849913,19.7200381],[-101.1847839,19.7199413],[-101.1846016,19.7198562],[-101.1845077,19.7198124],[-101.1840902,19.7196176],[-101.1840789,19.7196455],[-101.1840729,19.7196603],[-101.1840676,19.7196735],[-101.1840556,19.719703],[-101.1840377,19.7197472],[-101.1838547,19.7196491],[-101.1835427,19.719531],[-101.183354,19.7194931],[-101.183247,19.7194716],[-101.1829109,19.7194041],[-101.1828398,19.7194077],[-101.1826734,19.719414],[-101.1825603,19.7194158],[-101.1825038,19.7194167],[-101.1824473,19.7194176],[-101.1824005,19.7194256],[-101.182311,19.7194408],[-101.1821748,19.7194641],[-101.1821338,19.7194775],[-101.1820929,19.719491],[-101.182011,19.719518],[-101.1819311,19.7195443],[-101.1818703,19.7195643],[-101.181818,19.7195899],[-101.1816265,19.7196837],[-101.1812308,19.7198946],[-101.181103,19.7199627],[-101.1809713,19.7200329],[-101.180851,19.7200948],[-101.1807279,19.7201511],[-101.1806023,19.7202016],[-101.1804746,19.7202461],[-101.1803449,19.7202846],[-101.1802135,19.720317],[-101.1800807,19.7203433],[-101.1799469,19.7203633],[-101.1798123,19.7203771],[-101.1796772,19.7203845],[-101.1796011,19.7203804],[-101.1794038,19.7203444],[-101.1789484,19.7202568],[-101.178547,19.7201123],[-101.1785374,19.7201082],[-101.1782724,19.7199236],[-101.1781631,19.7198433],[-101.177923,19.7196512],[-101.1778872,19.7196227],[-101.1778515,19.7195941],[-101.1777832,19.7195394],[-101.1777149,19.7194848],[-101.1774603,19.7192896],[-101.1773229,19.7191815],[-101.1772379,19.7191147],[-101.1772085,19.7190916],[-101.1771855,19.7190734],[-101.17718,19.7190691],[-101.1771036,19.719009],[-101.1770218,19.7189446],[-101.1769507,19.7188887],[-101.1768797,19.7188328],[-101.1768281,19.7187943],[-101.1765658,19.7185988],[-101.1764811,19.7185356],[-101.1763921,19.7184693],[-101.1763234,19.7184181],[-101.1754911,19.7177988],[-101.1752497,19.7176193],[-101.1751653,19.7175551],[-101.1750565,19.7174723],[-101.1750532,19.7174698],[-101.1750007,19.7174299],[-101.1749647,19.7174025],[-101.17464,19.7171557],[-101.1745248,19.7170681],[-101.1737547,19.7164825],[-101.1737,19.7164409],[-101.1734626,19.7162604],[-101.1733315,19.7161606],[-101.1732962,19.716134],[-101.1726347,19.7156443],[-101.1723944,19.715454],[-101.172287,19.7153699],[-101.1721093,19.7152309],[-101.1720897,19.7152157],[-101.1720229,19.7151634],[-101.1720134,19.715156],[-101.1719907,19.7151382],[-101.1719661,19.7151189],[-101.1719175,19.715081],[-101.1719036,19.7150701],[-101.1718811,19.7150525],[-101.1718241,19.7150079],[-101.1717932,19.7149843],[-101.1714926,19.7147544],[-101.1712807,19.7145898],[-101.171238,19.7145569],[-101.1711218,19.7144675],[-101.1709628,19.7143452],[-101.17088,19.7142816],[-101.1703718,19.7138907],[-101.1698281,19.7134754],[-101.1697368,19.7134057],[-101.1695415,19.7132565],[-101.1694698,19.7132018],[-101.1692844,19.7130602],[-101.1691916,19.7130531],[-101.1684207,19.7124915],[-101.1680531,19.712226],[-101.1679732,19.7121682],[-101.1678933,19.7121105],[-101.167749,19.7120063],[-101.1677047,19.7119743],[-101.167597,19.7118964],[-101.1675213,19.7118418],[-101.1671072,19.7115425],[-101.1670129,19.7114744],[-101.1669879,19.7114564],[-101.1669086,19.7113991],[-101.1667109,19.7112562],[-101.1666501,19.7112123],[-101.1663211,19.7109746],[-101.1661546,19.71084],[-101.1660803,19.710767],[-101.1660243,19.710729],[-101.1659683,19.7106909],[-101.1658971,19.7106395],[-101.1658259,19.7105881],[-101.1656997,19.7105094],[-101.1655998,19.7104553],[-101.165588,19.7104489],[-101.1655522,19.7104459],[-101.1655115,19.7104424],[-101.1654638,19.7104267],[-101.1654246,19.7104038],[-101.1654171,19.710395],[-101.1653702,19.7103398],[-101.1653612,19.710318],[-101.1653354,19.7102556],[-101.1653263,19.7101882],[-101.1653362,19.7101357],[-101.1653178,19.7100831],[-101.1653052,19.710047],[-101.165269,19.7099747],[-101.1652215,19.7099023],[-101.1651453,19.709809],[-101.1650387,19.709691],[-101.1649511,19.7095787],[-101.164835,19.7094417],[-101.1648091,19.7094103],[-101.1645735,19.7091259],[-101.1645024,19.70904],[-101.1644168,19.7089367],[-101.1643779,19.7088897],[-101.1643598,19.7088659],[-101.1642421,19.7087107],[-101.1641977,19.7086522],[-101.163942,19.708315],[-101.1638469,19.7081898],[-101.1637558,19.7080696],[-101.163722,19.7080251],[-101.1636283,19.7079015],[-101.1636112,19.7078349],[-101.1632952,19.7074275],[-101.1632594,19.707352],[-101.1630394,19.7071423],[-101.1628699,19.7069808],[-101.1628193,19.7069326],[-101.1627821,19.7068987],[-101.1624798,19.7066232],[-101.1624159,19.7065649],[-101.1623681,19.7065214],[-101.1622811,19.7064621],[-101.1622491,19.7064355],[-101.1615758,19.7058767],[-101.1614507,19.70578],[-101.1613832,19.7057277],[-101.1609601,19.7054006],[-101.1608667,19.7053274],[-101.1608082,19.7052813],[-101.1605832,19.7050668],[-101.1598744,19.7045162],[-101.1593213,19.7040674],[-101.1592669,19.7040232],[-101.1592417,19.7040028],[-101.158689,19.7035749],[-101.1586123,19.7035155],[-101.1585946,19.7035018],[-101.1578801,19.7029486],[-101.157835,19.7029131],[-101.1577657,19.7028586],[-101.1567428,19.7020542],[-101.1561998,19.7016134],[-101.1561527,19.7015751],[-101.1560908,19.7015249],[-101.1557683,19.701263],[-101.1555272,19.7010712],[-101.1554291,19.7009932],[-101.1552832,19.7008771],[-101.155211,19.7008197],[-101.154993,19.7006462],[-101.1548104,19.7005039],[-101.1547551,19.7004608],[-101.1547533,19.7004594],[-101.1546494,19.7003784],[-101.1544736,19.7002414],[-101.154075,19.6999307],[-101.1538516,19.6997604],[-101.1538482,19.6997578],[-101.1536228,19.699586],[-101.1535435,19.6995255],[-101.1534887,19.6994837],[-101.153451,19.6994538],[-101.152795,19.6989329],[-101.1519843,19.6983117],[-101.1513269,19.6978321],[-101.1512063,19.6977555],[-101.1511424,19.697715],[-101.150935,19.6975835],[-101.1504562,19.6972451],[-101.1503054,19.6971353],[-101.1501451,19.6970185],[-101.1499782,19.6968986],[-101.1499554,19.6968824],[-101.1499033,19.6968455],[-101.1498997,19.6968429],[-101.1498322,19.696795],[-101.1497377,19.696728],[-101.149559,19.6965724],[-101.1493902,19.6964023],[-101.1493079,19.6962917],[-101.1492482,19.696203],[-101.1491428,19.6960134],[-101.1491289,19.6959192],[-101.149115,19.6958249],[-101.1490989,19.6957156],[-101.1490873,19.6956365],[-101.1491325,19.695244],[-101.1490699,19.6951194],[-101.1489942,19.6949315],[-101.148798,19.6947905],[-101.1486482,19.6947158],[-101.1481808,19.6946394],[-101.1480894,19.6946273],[-101.1480779,19.6946258],[-101.1480148,19.6946174],[-101.1479791,19.6946127],[-101.1478754,19.6945911],[-101.147868,19.6945896],[-101.1478665,19.6945893],[-101.1477506,19.6945651],[-101.1475184,19.6944966],[-101.1471872,19.694369],[-101.1470823,19.6943166],[-101.147012,19.6942815],[-101.1468521,19.6941918],[-101.1468179,19.6941727],[-101.1465548,19.6940253],[-101.1462198,19.6937823],[-101.1461386,19.6937233],[-101.146088,19.6936867],[-101.1459334,19.6935663],[-101.1459011,19.6935413],[-101.1457583,19.6934301],[-101.1457547,19.6934274],[-101.1456237,19.6933255],[-101.1455936,19.693302],[-101.1454204,19.6931673],[-101.1452057,19.6930386],[-101.1451177,19.6929858],[-101.1447896,19.6928281],[-101.1446189,19.6927485],[-101.1446077,19.6927433],[-101.1445562,19.6927193],[-101.1445486,19.6927157],[-101.1444433,19.6926666],[-101.1444387,19.6926645],[-101.1443731,19.6926339],[-101.1440258,19.6924655],[-101.1440192,19.6924623],[-101.1438807,19.6924005],[-101.1437166,19.6923272],[-101.1434591,19.6922397],[-101.1432854,19.6922017],[-101.1432598,19.6921961],[-101.1432064,19.6921844],[-101.1431418,19.6921748],[-101.1430377,19.6921593],[-101.1430316,19.6921584],[-101.1430179,19.6921563],[-101.1429894,19.6921521],[-101.1428918,19.692148],[-101.1428816,19.6921476],[-101.1428793,19.6921475],[-101.1428067,19.6921445],[-101.1427046,19.6921497],[-101.1425859,19.6921559],[-101.1424355,19.6921755],[-101.1424293,19.6921763],[-101.1422356,19.6922016],[-101.1421921,19.6921939],[-101.1421595,19.6921806],[-101.14199,19.6921978],[-101.1417235,19.6922168],[-101.1415313,19.6922263],[-101.1414342,19.6922187],[-101.1413752,19.6922111],[-101.1413181,19.6921978],[-101.1412191,19.6921559],[-101.1412063,19.6921473],[-101.1410858,19.6920664],[-101.1410041,19.6919718],[-101.1409929,19.6919588],[-101.1409526,19.6919122],[-101.1408079,19.69172],[-101.1407223,19.6915772],[-101.1406519,19.6914851],[-101.140648,19.69148],[-101.1406176,19.6914401],[-101.1404634,19.6912993],[-101.1403473,19.6912326],[-101.140331,19.6912236],[-101.1402445,19.6911755],[-101.1401531,19.691139],[-101.1399703,19.6910442],[-101.1398284,19.6909728],[-101.1398139,19.6909655],[-101.1395236,19.690832],[-101.1392955,19.6907365],[-101.1392333,19.6907104],[-101.1390624,19.6906502],[-101.1390287,19.6906385],[-101.1387273,19.6905226],[-101.1386093,19.6904826],[-101.1385409,19.6904701],[-101.1385367,19.6904694],[-101.1384532,19.6904541],[-101.138261,19.6904198],[-101.1381685,19.6904051],[-101.1381591,19.6904037],[-101.138141,19.6904008],[-101.1379012,19.6903627],[-101.1376594,19.6903304],[-101.1374955,19.6903028],[-101.1374329,19.6902923],[-101.1371931,19.6902276],[-101.137056,19.6901685],[-101.1368999,19.6900734],[-101.1367762,19.6899592],[-101.136727,19.6899015],[-101.1366791,19.6898297],[-101.1366239,19.6897212],[-101.1366084,19.6896878],[-101.1365877,19.6896432],[-101.136563,19.6895784],[-101.1365439,19.6895232],[-101.1365249,19.6894319],[-101.1365088,19.6893493],[-101.1365078,19.6893443],[-101.1365078,19.6892358],[-101.136506,19.6891814],[-101.136504,19.6891159],[-101.136504,19.688956],[-101.1364982,19.6888399],[-101.1364811,19.6887447],[-101.1364507,19.6886305],[-101.1364088,19.6885163],[-101.1363593,19.6884058],[-101.1362927,19.6882992],[-101.1362134,19.688182],[-101.136159,19.6881234],[-101.1360395,19.6879947],[-101.135792,19.6878157],[-101.1355541,19.6876539],[-101.1355296,19.6876358],[-101.1354511,19.6875779],[-101.1354303,19.6875626],[-101.1353694,19.6875207],[-101.1351734,19.6873989],[-101.1349445,19.6872503],[-101.1349337,19.6872433],[-101.1347774,19.6871419],[-101.1345744,19.6870411],[-101.1345507,19.6870293],[-101.134509,19.6870086],[-101.1342559,19.6868972],[-101.1342539,19.6868963],[-101.1340702,19.6868148],[-101.1340621,19.6868112],[-101.1336619,19.6866336],[-101.1335713,19.6865879],[-101.1335141,19.6865607],[-101.1334694,19.6865395],[-101.1331554,19.6863966],[-101.1330752,19.6863618],[-101.1328517,19.6862648],[-101.1328457,19.6862621],[-101.1327223,19.6862086],[-101.1325814,19.686151],[-101.1325011,19.6861182],[-101.1323974,19.6860812],[-101.1323787,19.6860746],[-101.1323588,19.6860675],[-101.1322274,19.6860206],[-101.1321865,19.6860081],[-101.1319871,19.6859469],[-101.1318907,19.6859189],[-101.1318855,19.6859174],[-101.1317658,19.6858826],[-101.1315873,19.6858398],[-101.1313613,19.6857803],[-101.1312304,19.6857589],[-101.131121,19.6857446],[-101.1310453,19.6857404],[-101.1310353,19.6857399],[-101.1309496,19.685747],[-101.1308784,19.6857589],[-101.1308756,19.6857593],[-101.1308354,19.685766],[-101.1307284,19.685797],[-101.1304714,19.6859136],[-101.1303959,19.6859515],[-101.1303945,19.6859522],[-101.1303845,19.6859572],[-101.1300951,19.6861027],[-101.1300312,19.6861349],[-101.129867,19.6862181],[-101.1297688,19.6862686],[-101.1297646,19.6862708],[-101.1291079,19.6866084],[-101.1287891,19.6867658],[-101.1287491,19.6867855],[-101.1286177,19.6868504],[-101.1286056,19.6868564],[-101.1283513,19.6869819],[-101.1281514,19.6870509],[-101.128019,19.6871159],[-101.1279728,19.6871386],[-101.1279539,19.6871479],[-101.1279513,19.6871491],[-101.1278994,19.6871746],[-101.1278105,19.6872182],[-101.1278009,19.687223],[-101.1274047,19.6874174],[-101.1274015,19.687419],[-101.1273835,19.6874278],[-101.1271241,19.6875551],[-101.1269983,19.6876133],[-101.1269147,19.687636],[-101.1268314,19.6876575],[-101.1267552,19.6876717],[-101.1266886,19.6876836],[-101.1266125,19.6876931],[-101.1265524,19.687701],[-101.1265409,19.6877025],[-101.1262675,19.6877384],[-101.1261769,19.6877463],[-101.1256964,19.6877764],[-101.1253802,19.6877957],[-101.1253255,19.687799],[-101.1252276,19.687805],[-101.1251415,19.6878105],[-101.1247089,19.6878383],[-101.1246113,19.6878468],[-101.1246063,19.6878473],[-101.1242187,19.6878811],[-101.124097,19.6878883],[-101.1236953,19.6879121],[-101.1235192,19.6879287],[-101.1232241,19.6879454],[-101.1231092,19.6879548],[-101.1227006,19.6879882],[-101.1223711,19.6880103],[-101.1222746,19.6880167],[-101.1222033,19.6880215],[-101.1219556,19.6880369],[-101.121954,19.6880371],[-101.1215072,19.6880701],[-101.1214695,19.6880729],[-101.1210796,19.6881017],[-101.121052,19.6881038],[-101.1209765,19.6881093],[-101.1208753,19.6881161],[-101.1208421,19.6881184],[-101.1208362,19.6881188],[-101.1203136,19.6881538],[-101.1195807,19.6881995],[-101.1188973,19.6882585],[-101.1178865,19.6883251],[-101.1173652,19.6883587],[-101.11718,19.6883707],[-101.1171637,19.6883717],[-101.1169409,19.6883861],[-101.1168941,19.6883891],[-101.1167615,19.6883977],[-101.1167387,19.6883979],[-101.1160895,19.6884393],[-101.1160585,19.6884417],[-101.1160277,19.688444],[-101.1151302,19.6885117],[-101.1144449,19.6885536],[-101.1140489,19.6885783],[-101.1137977,19.6885992],[-101.1133941,19.6886297],[-101.112922,19.6886659],[-101.1124157,19.6887001],[-101.1119493,19.6887363],[-101.1108738,19.6888086],[-101.1108629,19.6888087],[-101.1105681,19.6888104],[-101.1102512,19.6888361],[-101.1098787,19.6888663],[-101.1098593,19.6888679],[-101.1093964,19.6889055],[-101.1087793,19.6887436],[-101.1086841,19.6887187],[-101.1085064,19.6886721],[-101.1083644,19.6886187],[-101.1083451,19.6886114],[-101.1080668,19.6885068],[-101.108052,19.6885012],[-101.1080146,19.6884872],[-101.1079715,19.688471],[-101.1074418,19.6882719],[-101.1074316,19.688268],[-101.1073181,19.6882254],[-101.1070153,19.6881135],[-101.1064791,19.6879154],[-101.1058846,19.6876959],[-101.1058469,19.6876819],[-101.1058335,19.687677],[-101.1055309,19.6875652],[-101.1055235,19.6875625],[-101.1051141,19.6874113],[-101.1048857,19.687441],[-101.1046263,19.6876244],[-101.1045739,19.6876614],[-101.1040657,19.6881823],[-101.1039764,19.6882381],[-101.1032712,19.6886793],[-101.102845,19.6889011],[-101.1027692,19.688926],[-101.1024602,19.6890276],[-101.1022467,19.6890978],[-101.1018063,19.689263],[-101.1017917,19.6892685],[-101.101425,19.689406],[-101.1013493,19.6894344],[-101.100681,19.6896851],[-101.1002733,19.6898354],[-101.1002238,19.6898536],[-101.1000085,19.689933],[-101.0999976,19.689937],[-101.0994565,19.68992],[-101.099368,19.6899173],[-101.0989361,19.6897055],[-101.0988183,19.6896357],[-101.0988026,19.6896265],[-101.0985325,19.6894664],[-101.0980716,19.6892279],[-101.0976401,19.6890433],[-101.0966665,19.6887771],[-101.0959706,19.6887209],[-101.0959356,19.688718],[-101.0954655,19.6888577],[-101.0951579,19.6889492],[-101.0951437,19.6889557],[-101.0948381,19.6890963],[-101.0944449,19.6891756],[-101.0933576,19.6892913],[-101.0928871,19.6892833],[-101.0928705,19.689283],[-101.0926914,19.68928],[-101.0922546,19.6892323],[-101.0921574,19.6892217],[-101.0912663,19.6891245],[-101.0911631,19.6891108],[-101.090407,19.6890102],[-101.0900009,19.689031],[-101.0899694,19.6890326],[-101.0896808,19.6890474],[-101.0892736,19.68913],[-101.0892065,19.6891436],[-101.0888703,19.6892118],[-101.0888646,19.689213],[-101.0886531,19.6892559],[-101.0885683,19.6892731],[-101.0882313,19.6893415],[-101.0878801,19.6893173],[-101.0878701,19.6893166],[-101.0877565,19.6893087],[-101.0868451,19.6890708],[-101.0864358,19.6889833],[-101.0864337,19.6889829],[-101.086429,19.6889819],[-101.0863348,19.6889617],[-101.0863325,19.6889612],[-101.0859545,19.6888804],[-101.0855116,19.6887186],[-101.0854504,19.6886962],[-101.0851939,19.6886025],[-101.0845352,19.6883903],[-101.0843284,19.6883218],[-101.0843177,19.6883183],[-101.0825209,19.6877234],[-101.082492,19.6877138],[-101.0818767,19.6875101],[-101.081778,19.6874774],[-101.0811599,19.6872728],[-101.0807372,19.6871289],[-101.0807207,19.6871233],[-101.0807037,19.6871175],[-101.0802254,19.6869547],[-101.0802151,19.6869512],[-101.0797205,19.6867828],[-101.0796715,19.686758],[-101.0794018,19.6866217],[-101.0787875,19.6863112],[-101.0787808,19.6863078],[-101.0785929,19.6862128],[-101.0783183,19.6860534],[-101.0768479,19.6851402],[-101.0768335,19.6851312],[-101.0763776,19.6848481],[-101.0758739,19.6845415],[-101.0758389,19.6845201],[-101.0754861,19.6843054],[-101.0754788,19.6843009],[-101.0753772,19.6842391],[-101.0753635,19.6842307],[-101.0751656,19.6841103],[-101.0749281,19.6839657],[-101.0742379,19.6835511],[-101.0739523,19.6833795],[-101.0735103,19.6830949],[-101.0730788,19.6828792],[-101.0730702,19.6828749],[-101.0728151,19.6827474],[-101.0723203,19.6825261],[-101.0717688,19.6823899],[-101.0717633,19.6823886],[-101.0717192,19.6823777],[-101.0716615,19.6823681],[-101.0714347,19.6823302],[-101.0705782,19.6822502],[-101.0705505,19.6822476],[-101.0697803,19.6821757],[-101.0697222,19.6821702],[-101.0696696,19.6821653],[-101.0690264,19.682116],[-101.0690187,19.6821154],[-101.0686739,19.682089],[-101.0681844,19.6820389],[-101.0681769,19.6820381],[-101.0669118,19.6819085],[-101.0663042,19.6818463],[-101.0659497,19.68181],[-101.0658627,19.681801],[-101.0650246,19.6817152],[-101.063039,19.6815193],[-101.0620003,19.6814234],[-101.0619219,19.6814161],[-101.0611065,19.6813408],[-101.0596895,19.6812172],[-101.0592956,19.6811931],[-101.0591256,19.6812165],[-101.0585662,19.6811565],[-101.0585059,19.6811501],[-101.0582199,19.6811194],[-101.0577049,19.6811002],[-101.0576259,19.6811005],[-101.057213,19.6811022],[-101.0568168,19.6812],[-101.0563955,19.6813984],[-101.0559734,19.6815872],[-101.0549029,19.6822078],[-101.054806,19.682264],[-101.0545669,19.6824026],[-101.0545523,19.682411],[-101.054422,19.6824866],[-101.0539673,19.6827502],[-101.0536388,19.682948],[-101.0535673,19.6829911],[-101.0517947,19.6840589],[-101.0517889,19.6840624],[-101.0512523,19.6843857],[-101.0512328,19.6843974],[-101.0511204,19.6844652],[-101.0510238,19.6845211],[-101.0510055,19.6845316],[-101.0502249,19.6849832],[-101.0501605,19.6850242],[-101.0492676,19.6855916],[-101.0486789,19.685921],[-101.0484072,19.6860488],[-101.0481584,19.6861659],[-101.047939,19.68627],[-101.047449,19.6864309],[-101.0454011,19.686796],[-101.0452298,19.6868219],[-101.0436282,19.6870887],[-101.0433515,19.6871348],[-101.043142,19.6871668],[-101.0431336,19.6871681],[-101.0426414,19.6872433],[-101.04206,19.6873452],[-101.0420294,19.6873506],[-101.0416797,19.687412],[-101.0412407,19.6874169],[-101.0409474,19.6873677],[-101.0399842,19.6870475],[-101.0394182,19.6868593],[-101.0376699,19.6862817],[-101.0367073,19.685959],[-101.0351243,19.6854751],[-101.0342214,19.6853912],[-101.034194,19.6853887],[-101.0336338,19.6853366],[-101.0317147,19.685215],[-101.0310972,19.6852698],[-101.0305938,19.6855115],[-101.0303072,19.6856491],[-101.0295309,19.686112],[-101.0288546,19.686502],[-101.0282911,19.686843],[-101.0278039,19.6872189],[-101.0274792,19.6874855],[-101.0272418,19.6876674],[-101.0268571,19.687842],[-101.0267939,19.6878707],[-101.0259999,19.6882311],[-101.0256982,19.6883181],[-101.0253576,19.688322],[-101.0249414,19.6883267],[-101.0247278,19.6884008],[-101.0244895,19.688511],[-101.0242515,19.6886451],[-101.0240633,19.6887309],[-101.0221036,19.6893983],[-101.0217888,19.6894496],[-101.0215361,19.6894166],[-101.0213583,19.689323],[-101.0206296,19.688678],[-101.0206145,19.6886645],[-101.0204653,19.6885325],[-101.020047,19.6883818],[-101.0196302,19.6883387],[-101.01934,19.688342],[-101.0190257,19.6884292],[-101.0184827,19.6883875],[-101.0181665,19.6883193],[-101.0179499,19.6881545],[-101.0176212,19.6880984],[-101.0165901,19.6883729],[-101.0164526,19.68847],[-101.0160282,19.6888333],[-101.015666,19.6891241],[-101.015314,19.6892237],[-101.0147585,19.6891941],[-101.0141375,19.688974],[-101.0133729,19.6883612],[-101.0132533,19.6880782],[-101.0133786,19.6872021],[-101.0135258,19.6868706],[-101.0136416,19.6864391],[-101.0136394,19.6862671],[-101.0134401,19.6860685],[-101.0124201,19.6858447],[-101.0123413,19.6858274],[-101.0121346,19.6857821],[-101.0117385,19.6855857],[-101.0106525,19.6846945],[-101.0104185,19.6841379],[-101.0103713,19.6839951],[-101.0087903,19.6834679],[-101.0086221,19.6833407],[-101.0086325,19.6829534],[-101.0087956,19.6826791],[-101.0088208,19.6825104],[-101.0088235,19.6824924],[-101.0087606,19.6823067],[-101.0084232,19.681952],[-101.0082704,19.681839],[-101.0080885,19.6818267],[-101.0078168,19.6818871],[-101.007409,19.6819633],[-101.0061929,19.6815611],[-101.0058266,19.6813214],[-101.0057479,19.6810785],[-101.0056983,19.6783116],[-101.0055099,19.6777688],[-101.0055294,19.6775228],[-101.005536,19.6774387],[-101.0055728,19.677018],[-101.0055732,19.6770132],[-101.0056553,19.6760751],[-101.0061943,19.674377],[-101.0064457,19.673901],[-101.0065815,19.673636],[-101.0066526,19.6734972],[-101.0068759,19.6731936],[-101.0070383,19.6728619],[-101.007065,19.6725748],[-101.0069863,19.672332],[-101.0063919,19.6713626],[-101.0061905,19.670992],[-101.0060922,19.6707971],[-101.0060639,19.6705489],[-101.0060855,19.6702571],[-101.0061831,19.6698951],[-101.0063969,19.6692283],[-101.0065768,19.6686862],[-101.0065884,19.6683993],[-101.006581,19.6682129],[-101.0064792,19.6678397],[-101.0064598,19.6677686],[-101.0062638,19.6670502],[-101.0061245,19.666808],[-101.0059971,19.6667042],[-101.0058143,19.6666155],[-101.005667,19.6665359],[-101.0055196,19.6664515],[-101.0053662,19.6662859],[-101.005254,19.6661303],[-101.005233,19.6661011],[-101.0039851,19.6643703],[-101.0038104,19.6641141],[-101.0036826,19.6639865],[-101.0035605,19.6639066],[-101.0030569,19.6635776],[-101.0029753,19.6635068],[-101.0029134,19.6633928],[-101.0028966,19.6632591],[-101.0027692,19.6623524],[-101.0026895,19.661622],[-101.0025765,19.6610496],[-101.0025268,19.6609232],[-101.0025035,19.660864],[-101.0023152,19.6607323],[-101.0021228,19.6606771],[-101.0019806,19.6606022],[-101.0018581,19.6604888],[-101.0017035,19.6602325],[-101.001508,19.6599239],[-101.0012933,19.6597017],[-101.0012437,19.6596755],[-101.0010546,19.6595289],[-101.0010188,19.6595012],[-101.0004697,19.6590689],[-101.0002528,19.6589301],[-101.0000823,19.6588629],[-101.0000366,19.6588449],[-100.9998118,19.6588044],[-100.9994505,19.6588081],[-100.9991913,19.6588073],[-100.9990644,19.6587927],[-100.9990394,19.6587861],[-100.9989337,19.658758],[-100.9988157,19.6587266],[-100.9985105,19.6585946],[-100.9979941,19.6582615],[-100.9977038,19.6581252],[-100.9974987,19.6580336],[-100.9971702,19.6579595],[-100.9968288,19.6579213],[-100.9963477,19.6579421],[-100.9960696,19.6579043],[-100.9958044,19.6578186],[-100.9956166,19.6575416],[-100.9954677,19.657145],[-100.9952041,19.6568555],[-100.9949906,19.6566263],[-100.9948662,19.6563377],[-100.9947685,19.6558695],[-100.994657,19.655533],[-100.9944578,19.6551001],[-100.9943293,19.6549217],[-100.9942323,19.6547869],[-100.9939812,19.6545275],[-100.9935004,19.6541986],[-100.9925866,19.6535493],[-100.9920476,19.6531398],[-100.9915162,19.6527075],[-100.991489,19.6526853],[-100.9911434,19.6524904],[-100.9906265,19.6523245],[-100.9904222,19.6522449],[-100.9901761,19.6521488],[-100.989798,19.6520599],[-100.9896092,19.6519267],[-100.9895469,19.6517944],[-100.9895389,19.6516397],[-100.9895358,19.6515786],[-100.989703,19.65122],[-100.9898976,19.6505739],[-100.9899515,19.6501307],[-100.9899812,19.6500793],[-100.9899464,19.6501146],[-100.9898402,19.6497823],[-100.989678,19.6494814],[-100.9896765,19.6494778],[-100.9895413,19.6491329],[-100.9894416,19.6489284],[-100.9893045,19.6486517],[-100.9891539,19.6484829],[-100.9890023,19.6484459],[-100.9887871,19.6484564],[-100.9884165,19.6486184],[-100.9880844,19.6487486],[-100.9875426,19.64889],[-100.9872,19.648939],[-100.9868764,19.6489878],[-100.9866485,19.6490625],[-100.9862208,19.6491666],[-100.9859461,19.6493142],[-100.9857005,19.6494975],[-100.9854435,19.6495365],[-100.985319,19.6494927],[-100.9850992,19.6493724],[-100.9848638,19.6491882],[-100.9847565,19.6491375],[-100.9845993,19.6491123],[-100.9843905,19.6491959],[-100.9840215,19.6494258],[-100.9834734,19.6498202],[-100.9831803,19.6500222],[-100.9829711,19.6500696],[-100.9826563,19.650055],[-100.9822648,19.6500052],[-100.9819687,19.6499633],[-100.9816636,19.6499666],[-100.9813589,19.6499971],[-100.981064,19.6500455],[-100.9807888,19.6501569],[-100.9803342,19.6504058],[-100.9800765,19.6506408],[-100.9799126,19.6508004],[-100.9798683,19.6508436],[-100.9795866,19.6512146],[-100.9794595,19.6513819],[-100.9792893,19.6515013],[-100.9791571,19.6516021],[-100.9787587,19.6517691],[-100.9779997,19.6520755],[-100.9772205,19.6522918],[-100.976279,19.6524919],[-100.9755942,19.6526258],[-100.975146,19.6526218],[-100.9744376,19.6523856],[-100.973584,19.6519795],[-100.9730091,19.6517509],[-100.9728653,19.6516803],[-100.9724916,19.6515308],[-100.9719153,19.6511849],[-100.9717002,19.6510495],[-100.9714637,19.6509008],[-100.971243,19.650784],[-100.970875,19.6505364],[-100.9708287,19.6504554],[-100.9707651,19.6502953],[-100.9707241,19.6501779],[-100.9704636,19.6497335],[-100.9703885,19.6496423],[-100.9703062,19.6495416],[-100.9702006,19.6494779],[-100.9700851,19.6494303],[-100.9699617,19.6494032],[-100.9698355,19.6493958],[-100.9695448,19.6494417],[-100.9690498,19.6496421],[-100.9689999,19.6496494],[-100.968657,19.6496994],[-100.9681768,19.6496122],[-100.9677841,19.6496694],[-100.9674409,19.6498709],[-100.967225,19.6499653],[-100.9670479,19.6499641],[-100.9667583,19.6497703],[-100.9665954,19.6495654],[-100.9664571,19.6494446],[-100.9661428,19.6492879],[-100.9658262,19.6492005],[-100.9654088,19.6491737],[-100.9650049,19.649039],[-100.9647405,19.6488574],[-100.964439,19.6487375],[-100.9640849,19.6485412],[-100.9637194,19.648366],[-100.9634796,19.6482421],[-100.9632498,19.6481633],[-100.9630302,19.6481387],[-100.9627353,19.6481961],[-100.9624032,19.6483618],[-100.9621865,19.6485641],[-100.9620209,19.6487189],[-100.9618806,19.6488618],[-100.9615883,19.6490156],[-100.961246,19.6490972],[-100.9608595,19.6491831],[-100.960441,19.6492689],[-100.9600513,19.6493635],[-100.9596991,19.6494942],[-100.9594318,19.6497082],[-100.959308,19.6498724],[-100.9591446,19.6502068],[-100.958987,19.6505507],[-100.9587254,19.6509687],[-100.9584056,19.6512513],[-100.9581828,19.6513773],[-100.9581174,19.6514607],[-100.9580376,19.6515624],[-100.9577267,19.6518729],[-100.9575209,19.6522003],[-100.9572081,19.6525462],[-100.9569163,19.6526401],[-100.9565737,19.6527577],[-100.9564344,19.6527687],[-100.9562951,19.6527797],[-100.9560548,19.6527661],[-100.95563,19.6527358],[-100.9552669,19.6526674],[-100.9547412,19.6525648],[-100.9546908,19.6525571],[-100.9546528,19.6525513],[-100.9541872,19.6524805],[-100.9539078,19.6524691],[-100.9536625,19.6524591],[-100.9530908,19.6524924],[-100.9527923,19.6524438],[-100.9524601,19.6523728],[-100.9521603,19.6523435],[-100.9517171,19.6523884],[-100.9514138,19.6524337],[-100.9510789,19.6525369],[-100.9507946,19.65265],[-100.9505902,19.6528884],[-100.9503456,19.6531073],[-100.9501221,19.6533135],[-100.9498972,19.6534878],[-100.9498353,19.6535152],[-100.9497825,19.6535199],[-100.9497055,19.6534984],[-100.9496402,19.6534723],[-100.9492615,19.6527959],[-100.9490927,19.6524385]],[[-100.8576689,19.6753073],[-100.8575425,19.6751814],[-100.8574414,19.6750927]],[[-100.8574414,19.6750927],[-100.8576689,19.6753073]],[[-100.9490265,19.6522836],[-100.9488044,19.6520511],[-100.948593,19.6519179],[-100.9483294,19.6518974],[-100.9480762,19.6519076],[-100.9476207,19.6518924],[-100.9472664,19.65189],[-100.9470261,19.6518763],[-100.9467691,19.6517963],[-100.9465086,19.6516714],[-100.9463363,19.6515152],[-100.9461731,19.6513181],[-100.9460839,19.6511432],[-100.946048,19.6510137],[-100.9460303,19.6508969],[-100.9459911,19.6507613],[-100.9459554,19.6506221],[-100.945909,19.6505328],[-100.945834,19.6504543],[-100.945784,19.6504115],[-100.9457198,19.6503758],[-100.9456341,19.6503365],[-100.9455443,19.6503129],[-100.9454343,19.6503116],[-100.9451322,19.6503566],[-100.9445241,19.6505258],[-100.9440303,19.6506937],[-100.9437169,19.6507964],[-100.9436223,19.6508607],[-100.9434615,19.6509708],[-100.9431972,19.6511905],[-100.9430182,19.6513731],[-100.9428385,19.6514924],[-100.942629,19.6515128],[-100.9423891,19.6514673],[-100.9421112,19.6512542],[-100.9419326,19.6511259],[-100.9417316,19.6510679],[-100.9416229,19.6510714],[-100.9415191,19.6511078],[-100.9413579,19.6512645],[-100.9413034,19.6513448],[-100.9412749,19.6514305],[-100.9412392,19.651509],[-100.9411821,19.6516197],[-100.9411082,19.6516785],[-100.9410289,19.6517146],[-100.9408965,19.6517303],[-100.9407966,19.6517125],[-100.9407181,19.651691],[-100.9406324,19.6516304],[-100.9405353,19.6515069],[-100.9404464,19.6513386],[-100.9403611,19.6512092],[-100.9402302,19.6510756],[-100.9401291,19.6510058],[-100.9400235,19.6509654],[-100.9399006,19.6509347],[-100.9397615,19.6509308],[-100.9396189,19.6509421],[-100.9394439,19.6510058],[-100.9386229,19.6515804],[-100.9377556,19.6522067],[-100.9368663,19.6527854],[-100.936312,19.6532236],[-100.9362523,19.6532707],[-100.9359753,19.65345],[-100.9356846,19.6536382],[-100.9355142,19.6537394],[-100.9354928,19.6537453],[-100.9352249,19.6537647],[-100.9349084,19.6537145],[-100.9345173,19.6537006],[-100.9340866,19.6536848],[-100.9336563,19.6536818],[-100.9333919,19.6536766],[-100.9332198,19.6536333],[-100.9328355,19.6534602],[-100.932508,19.653266],[-100.9322056,19.6530961],[-100.9319783,19.6530345],[-100.9316746,19.6530324],[-100.9313707,19.6530542],[-100.9311634,19.653072],[-100.9310281,19.6531717],[-100.9309254,19.6533628],[-100.9309432,19.6538203],[-100.9308213,19.6539933],[-100.9305939,19.6541131],[-100.9303079,19.6541162],[-100.9300216,19.6540922],[-100.9297071,19.6541046],[-100.9295139,19.654216],[-100.9294237,19.6543079],[-100.9293736,19.6543589],[-100.9293584,19.6546825],[-100.9294318,19.6550067],[-100.9295426,19.6553911],[-100.9294961,19.6555973],[-100.9292869,19.655725],[-100.9290713,19.6557835],[-100.9288931,19.6559141],[-100.9287147,19.6560687],[-100.928575,19.6561276],[-100.9284634,19.6561504],[-100.9281961,19.656041],[-100.9278947,19.6557392],[-100.9276939,19.6555219],[-100.9274548,19.6553524],[-100.9272405,19.655255],[-100.9270514,19.6552803],[-100.9268598,19.6553841],[-100.9267952,19.6555515],[-100.9267417,19.6559108],[-100.926664,19.6561381],[-100.9265104,19.6563648],[-100.9263823,19.6565557],[-100.9262038,19.6567223],[-100.9259372,19.6568283],[-100.9255568,19.6569215],[-100.9252661,19.6569934],[-100.924933,19.6570743],[-100.9246801,19.6571631],[-100.9246189,19.6571886],[-100.9245522,19.6572457],[-100.9244951,19.6573171],[-100.9244808,19.6573837],[-100.9244808,19.6574741],[-100.9245094,19.6575978],[-100.924557,19.6577073],[-100.9246046,19.6578263],[-100.9246522,19.6579738],[-100.9247045,19.6581213],[-100.9247378,19.658207],[-100.9247378,19.6583307],[-100.9247378,19.6584164],[-100.9247208,19.6585193],[-100.9246353,19.6585934],[-100.9244951,19.6587352],[-100.9243476,19.6588447],[-100.9242001,19.6589636],[-100.9240859,19.6590445],[-100.9239764,19.6591492],[-100.9238812,19.6592492],[-100.9238289,19.6593491],[-100.9237813,19.6594586],[-100.9237289,19.6595871],[-100.9236718,19.6597346],[-100.9236147,19.6598488],[-100.9235338,19.6599583],[-100.9235034,19.6600519],[-100.9233825,19.6601674],[-100.9232552,19.6604581],[-100.9232224,19.6605616],[-100.9231623,19.6607509],[-100.9230148,19.6611809],[-100.9228763,19.6614103],[-100.9226343,19.6616004],[-100.92238,19.6617545],[-100.9221915,19.6619355],[-100.9220781,19.6621009],[-100.9220387,19.6621774],[-100.9220153,19.6622682],[-100.9220154,19.6623632],[-100.9220425,19.6624604],[-100.9221021,19.6625456],[-100.9221847,19.662622],[-100.9222738,19.6626843],[-100.922384,19.6627503],[-100.9224782,19.6628015],[-100.9225999,19.6628483],[-100.9227202,19.6628992],[-100.9228556,19.6629153],[-100.9229447,19.6629313],[-100.9229915,19.6629397],[-100.9231147,19.6629732],[-100.9232253,19.6630144],[-100.9233277,19.6630671],[-100.9234208,19.6631419],[-100.9235123,19.6632214],[-100.9235978,19.6633049],[-100.9236796,19.6633865],[-100.9237628,19.6634567],[-100.9238629,19.663517],[-100.9239791,19.6635623],[-100.9241068,19.6636001],[-100.9242415,19.6636339],[-100.9243795,19.6636669],[-100.9245141,19.6637001],[-100.9246423,19.6637289],[-100.9247729,19.6637531],[-100.9249057,19.6637751],[-100.9250363,19.6637929],[-100.9251549,19.6638066],[-100.9252693,19.6638204],[-100.9253754,19.6638408],[-100.9254841,19.6638612],[-100.9255893,19.6638818],[-100.9256786,19.6639222],[-100.9257565,19.6639633],[-100.9258214,19.6640169],[-100.9258822,19.66406],[-100.925915,19.6641258],[-100.9259313,19.6641586],[-100.9259456,19.6642525],[-100.9259381,19.6643548],[-100.9259037,19.6644299],[-100.9258434,19.6645],[-100.9258104,19.664533],[-100.9257724,19.664571],[-100.9256937,19.6646404],[-100.9256125,19.6647176],[-100.9252497,19.6649201],[-100.9249655,19.6650584],[-100.9245801,19.665199],[-100.9243388,19.6653052],[-100.924148,19.6654685],[-100.9240983,19.665541],[-100.9240519,19.6656228],[-100.9240245,19.665701],[-100.9239911,19.6657946],[-100.9239811,19.6659078],[-100.9239735,19.6660268],[-100.9239708,19.6661445],[-100.9239712,19.6662632],[-100.9239748,19.6663823],[-100.9239749,19.6663881],[-100.9239784,19.6665063],[-100.9239858,19.6666412],[-100.923991,19.6667749],[-100.9239971,19.6669078],[-100.9240013,19.667035],[-100.9240107,19.6671654],[-100.9240138,19.6672874],[-100.9240178,19.6674131],[-100.9240207,19.6674874],[-100.9240216,19.6675106],[-100.9240227,19.6675388],[-100.9240244,19.6676549],[-100.9240227,19.6677651],[-100.9239997,19.6679483],[-100.9239443,19.668028],[-100.9238473,19.6681055],[-100.9237455,19.6681549],[-100.9236379,19.6681863],[-100.9235262,19.6682118],[-100.923424,19.6682541],[-100.9233368,19.6683226],[-100.9232652,19.6684107],[-100.9232026,19.6685098],[-100.9231396,19.6686178],[-100.9230802,19.6687287],[-100.9230372,19.6688424],[-100.9230112,19.6689535],[-100.9230756,19.6694138],[-100.9231099,19.6695118],[-100.9231631,19.6696011],[-100.9232034,19.669667],[-100.9232845,19.6697842],[-100.9233131,19.6697957],[-100.9233318,19.6698243],[-100.9233458,19.6698504],[-100.9233647,19.6698783],[-100.9233863,19.6699177],[-100.9234013,19.6699668],[-100.9234035,19.6700214],[-100.9233951,19.6700691],[-100.9233794,19.6701082],[-100.9233547,19.6701554],[-100.9233145,19.6702173],[-100.9232806,19.6702552],[-100.9232433,19.6702832],[-100.9231789,19.6702934],[-100.9229706,19.6703184],[-100.9228904,19.6703069],[-100.9228052,19.6702813],[-100.9227179,19.6702383],[-100.922631,19.6701789],[-100.9225378,19.6701111],[-100.9222525,19.6698463],[-100.9221018,19.6697013],[-100.921938,19.6696042],[-100.9217736,19.6695911],[-100.9215875,19.6696562],[-100.9213603,19.6697941],[-100.9210655,19.6698605],[-100.9207081,19.6698832],[-100.9204272,19.6699125],[-100.9201899,19.6700054],[-100.920073,19.6700827],[-100.9200429,19.6701026],[-100.9199817,19.6701431],[-100.9198695,19.670325],[-100.9197479,19.670525],[-100.9194949,19.6708981],[-100.9192035,19.6712872],[-100.9189403,19.6715724],[-100.9188039,19.6716513],[-100.9187111,19.671712],[-100.9186504,19.6717441],[-100.9185362,19.6717941],[-100.9182256,19.6718654],[-100.9180151,19.6719261],[-100.9177652,19.6720011],[-100.9176831,19.6720403],[-100.9175475,19.6721331],[-100.9174654,19.6722009],[-100.917394,19.6722688],[-100.9173155,19.6723152],[-100.9172441,19.6723437],[-100.9171406,19.6723473],[-100.9170514,19.6723223],[-100.9169657,19.6722688],[-100.9168872,19.6721938],[-100.9168337,19.672101],[-100.9168087,19.6720118],[-100.9168087,19.6719297],[-100.9168087,19.6718579],[-100.9168329,19.6717618],[-100.9170625,19.6715357],[-100.9170978,19.6714621],[-100.9171085,19.671405],[-100.9171121,19.6713372],[-100.9171049,19.6712016],[-100.9170657,19.6711088],[-100.9169479,19.6707733],[-100.9168872,19.6706198],[-100.9168765,19.6705163],[-100.9168795,19.6704204],[-100.9168801,19.6704021],[-100.9168836,19.6703164],[-100.9169122,19.6702272],[-100.916955,19.6701058],[-100.9170086,19.6700309],[-100.9170799,19.6699773],[-100.9171585,19.6699274],[-100.9172584,19.6698988],[-100.9173762,19.6698774],[-100.9174725,19.6698417],[-100.9175796,19.6698167],[-100.9176474,19.6697775],[-100.9176897,19.6697399],[-100.9177519,19.6695421],[-100.9176996,19.669304],[-100.9175296,19.6689758],[-100.9171732,19.6686013],[-100.9169215,19.6683871],[-100.9168625,19.6682914],[-100.9168581,19.6682844],[-100.9166845,19.668003],[-100.9166188,19.6678949],[-100.9165938,19.6678729],[-100.9165029,19.667793],[-100.9160662,19.6678016],[-100.915833,19.6679203],[-100.9157235,19.6681241],[-100.9155797,19.6683918],[-100.9154548,19.6685149],[-100.9151395,19.6688555],[-100.9148232,19.6689549],[-100.9145982,19.6688663],[-100.9145031,19.6686219],[-100.9145137,19.6685532],[-100.9145201,19.6685115],[-100.9145559,19.6682801],[-100.9145706,19.6681848],[-100.9145656,19.6678083],[-100.9144262,19.6674624],[-100.9140982,19.6673532],[-100.9136552,19.6673742],[-100.9133028,19.6674141],[-100.9130325,19.6674424],[-100.9126912,19.66738],[-100.9125031,19.6671629],[-100.912312,19.6669978],[-100.9118234,19.6667024],[-100.9113823,19.6664715],[-100.9113709,19.6664604],[-100.9108829,19.6659856],[-100.910453,19.6656698],[-100.9101433,19.6652498],[-100.910089,19.6651913],[-100.9100408,19.6651364],[-100.9099988,19.6650932],[-100.9099875,19.6650844],[-100.9099507,19.6650559],[-100.9098915,19.6650207],[-100.9098275,19.6650061],[-100.909747,19.664988],[-100.9096572,19.6649883],[-100.9095679,19.6650028],[-100.9094805,19.6650475],[-100.9094048,19.6651109],[-100.9093476,19.6651916],[-100.9093128,19.6652807],[-100.9093001,19.6653718],[-100.9094597,19.665771],[-100.9095199,19.6658784],[-100.9095925,19.6659901],[-100.9096611,19.6661173],[-100.9097248,19.6662088],[-100.9097766,19.6663098],[-100.9098191,19.6664142],[-100.9098407,19.6665231],[-100.9098229,19.6666631],[-100.9097637,19.6668875],[-100.9097523,19.6670179],[-100.9097239,19.667235],[-100.9097039,19.6673681],[-100.9095151,19.6678987],[-100.9094347,19.6680264],[-100.9093949,19.6681521],[-100.9093654,19.6682714],[-100.9093332,19.6683903],[-100.9092974,19.6684991],[-100.9092529,19.6686008],[-100.9092018,19.6686896],[-100.9091496,19.6687696],[-100.9090619,19.6688116],[-100.9089634,19.6688379],[-100.9088588,19.6688447],[-100.9087538,19.6688253],[-100.9086505,19.668785],[-100.9085527,19.6687307],[-100.908453,19.6686678],[-100.9083492,19.6686049],[-100.9082379,19.6685475],[-100.9081174,19.6685102],[-100.9079971,19.6684823],[-100.9078803,19.6684502],[-100.9077719,19.668399],[-100.9076873,19.6683305],[-100.9076164,19.668245],[-100.9075315,19.6681469],[-100.9074007,19.6680316],[-100.9071131,19.6679263],[-100.9069954,19.6678997],[-100.9068677,19.6678589],[-100.90674,19.6678028],[-100.9066149,19.6677429],[-100.9064859,19.6676859],[-100.9063524,19.6676427],[-100.9062175,19.6676063],[-100.9060851,19.6675815],[-100.9059597,19.6675584],[-100.9058392,19.667542],[-100.9057281,19.6675283],[-100.9056245,19.6675267],[-100.9055303,19.6675403],[-100.9054434,19.6675751],[-100.9053651,19.667631],[-100.9052062,19.6679859],[-100.9051836,19.6680794],[-100.905193,19.6681846],[-100.9053847,19.6685881],[-100.9054629,19.6686752],[-100.9054671,19.6686802],[-100.9055598,19.6687897],[-100.9056434,19.6688408],[-100.9057433,19.6689015],[-100.9058515,19.6689501],[-100.9059654,19.668987],[-100.906222,19.669013],[-100.9063512,19.6690155],[-100.9064862,19.6689973],[-100.9066144,19.6690021],[-100.9067513,19.6690124],[-100.9068815,19.6690606],[-100.9069796,19.6690917],[-100.9070948,19.669094],[-100.9072046,19.6691526],[-100.907279,19.6692352],[-100.9072874,19.6692511],[-100.9075185,19.6696898],[-100.9075833,19.6698012],[-100.9076444,19.6699185],[-100.907701,19.6700268],[-100.9077657,19.6701465],[-100.9078237,19.6702563],[-100.9079455,19.6704064],[-100.9079508,19.6704957],[-100.9079973,19.6705957],[-100.9080898,19.6707332],[-100.9081208,19.6709673],[-100.908101,19.6710852],[-100.9080908,19.6712142],[-100.9080458,19.6713338],[-100.9079989,19.6714556],[-100.9079343,19.6715729],[-100.9078573,19.6716762],[-100.9077686,19.6717652],[-100.9076744,19.6718433],[-100.9075831,19.6719201],[-100.9075262,19.6719784],[-100.9075065,19.6719986],[-100.9074468,19.6720841],[-100.9074061,19.6721841],[-100.9073887,19.6722918],[-100.9073782,19.6724026],[-100.9073969,19.6725171],[-100.9074194,19.672638],[-100.907436,19.6727628],[-100.9074492,19.6728931],[-100.9074574,19.6730261],[-100.9074562,19.6731574],[-100.9074524,19.6732886],[-100.9074347,19.6734168],[-100.9073995,19.6735357],[-100.907144,19.6739516],[-100.9067523,19.6740632],[-100.9063481,19.6739644],[-100.9059934,19.6739978],[-100.9056888,19.6741035],[-100.905473,19.6741859],[-100.9053279,19.6742782],[-100.9052762,19.6743509],[-100.9052407,19.6744366],[-100.9052283,19.6745293],[-100.9052366,19.674625],[-100.9052674,19.6747165],[-100.9053186,19.6748113],[-100.9053786,19.6749085],[-100.905445,19.6750128],[-100.9055139,19.675122],[-100.9055807,19.6752313],[-100.9056488,19.6753332],[-100.9057273,19.6754367],[-100.9058129,19.6755338],[-100.9059078,19.675624],[-100.9060148,19.6757089],[-100.9061291,19.6757807],[-100.9065422,19.6760789],[-100.9066556,19.6761149],[-100.906744,19.6761684],[-100.9068146,19.676232],[-100.9068172,19.6763434],[-100.9068219,19.6764314],[-100.906815,19.6765236],[-100.9067478,19.6769564],[-100.9067165,19.6770699],[-100.9066885,19.6771842],[-100.9066782,19.677312],[-100.9066787,19.6774385],[-100.9066533,19.677562],[-100.9065552,19.6779023],[-100.9064136,19.6781217],[-100.9062155,19.6782703],[-100.9060037,19.6783033],[-100.9058965,19.6783053],[-100.9057873,19.6782975],[-100.9052876,19.6783448],[-100.9051221,19.6784635],[-100.9050321,19.6786307],[-100.9050208,19.6789635],[-100.9050633,19.6791929],[-100.9050659,19.6793003],[-100.9050063,19.6794842],[-100.9047822,19.6798039],[-100.9045647,19.68009],[-100.9044381,19.6805431],[-100.9044391,19.6805519],[-100.9043746,19.6807073],[-100.9042469,19.6808383],[-100.9039418,19.6810039],[-100.9034966,19.6812764],[-100.903242,19.6814544],[-100.9030814,19.6816187],[-100.9029998,19.6819718],[-100.9029266,19.6822346],[-100.9027283,19.6823993],[-100.9024811,19.6824651],[-100.9021704,19.6824897],[-100.901652,19.682414],[-100.9010956,19.6822449],[-100.9006154,19.6822507],[-100.9001966,19.6823915],[-100.9000055,19.682546],[-100.8998141,19.6827463],[-100.8995232,19.6831468],[-100.8992146,19.6832956],[-100.8988344,19.6833527],[-100.8984921,19.6834222],[-100.8980108,19.6834546],[-100.897354,19.683282],[-100.8972807,19.683261],[-100.89671,19.6830975],[-100.8967015,19.6830922],[-100.8961055,19.6827214],[-100.895833,19.6823819],[-100.8956368,19.6819143],[-100.8953356,19.6814477],[-100.8951014,19.6809895],[-100.8949312,19.6808065],[-100.8947299,19.6806612],[-100.8945024,19.6806116],[-100.8941824,19.680692],[-100.893978,19.6808695],[-100.8939581,19.6811741],[-100.8939852,19.6815035],[-100.893853,19.6816734],[-100.8936548,19.6817111],[-100.8934562,19.6817169],[-100.8931266,19.6816925],[-100.8925869,19.6815237],[-100.89224,19.6813488],[-100.892056,19.6810493],[-100.8918051,19.6807717],[-100.8913508,19.6806005],[-100.8909091,19.6804414],[-100.8906823,19.6803079],[-100.8904805,19.6802225],[-100.8902906,19.6802331],[-100.8901257,19.6802678],[-100.8899982,19.6803868],[-100.8899213,19.6805061],[-100.8898819,19.6806737],[-100.8898302,19.6808052],[-100.8897893,19.6809732],[-100.8899349,19.6811885],[-100.890242,19.6815276],[-100.8903163,19.6817319],[-100.8902128,19.6820069],[-100.889946,19.6821249],[-100.8895911,19.6821822],[-100.88935,19.6822644],[-100.8891487,19.6824614],[-100.8890669,19.6828258],[-100.8888623,19.6832503],[-100.8887825,19.6835551],[-100.8887298,19.6838064],[-100.888526,19.6839608],[-100.8882981,19.6839711],[-100.8879911,19.6837743],[-100.8877789,19.6835688],[-100.8876597,19.6831636],[-100.8876104,19.6830286],[-100.8872327,19.6826804],[-100.8870983,19.6824559],[-100.886895,19.682196],[-100.8868247,19.6818987],[-100.8867064,19.6815657],[-100.8864944,19.6813782],[-100.8861683,19.6812818],[-100.8859779,19.6813404],[-100.8857618,19.6814587],[-100.8855335,19.681517],[-100.885192,19.6814785],[-100.8847874,19.6814275],[-100.8843066,19.6814],[-100.884053,19.6814581],[-100.8839321,19.68164],[-100.8839259,19.6819291],[-100.8838709,19.6821194],[-100.8836632,19.6823022],[-100.8833306,19.6824051],[-100.8830169,19.6824897],[-100.88278,19.6826186],[-100.8824768,19.6827844],[-100.8821905,19.6827693],[-100.8819124,19.6826368],[-100.881587,19.6825408],[-100.8813871,19.68257],[-100.8812358,19.68268],[-100.8809888,19.6827639],[-100.8806762,19.6829478],[-100.8804769,19.6830312],[-100.8802696,19.6832411],[-100.8800337,19.6834604],[-100.8797779,19.6836076],[-100.8796185,19.6837158],[-100.8794184,19.6837866],[-100.8791171,19.6838962],[-100.8788381,19.6839788],[-100.8786759,19.6842359],[-100.878497,19.6845541],[-100.8784625,19.6847189],[-100.8785685,19.6849784],[-100.8788326,19.6851842],[-100.8790966,19.685414],[-100.8793476,19.6856676],[-100.8794592,19.6859562],[-100.8793048,19.6862548],[-100.8790375,19.6864326],[-100.8786956,19.6864541],[-100.8784182,19.6863201],[-100.8781664,19.6861504],[-100.8779009,19.6861125],[-100.8776973,19.6862428],[-100.8774811,19.6863731],[-100.877329,19.686396],[-100.8768376,19.6861166],[-100.8764854,19.6858502],[-100.8761208,19.6855478],[-100.8759089,19.6853476],[-100.8756378,19.6853117],[-100.8753549,19.6854244],[-100.8750981,19.6854813],[-100.8748684,19.6854114],[-100.8747241,19.6853045],[-100.8747219,19.6851148],[-100.8747593,19.6850512],[-100.8748706,19.6847881],[-100.8748578,19.6845996],[-100.8748746,19.6842945],[-100.8748632,19.6839916],[-100.874733,19.6836152],[-100.8745873,19.6833819],[-100.8744456,19.6830175],[-100.8742957,19.6827766],[-100.8740946,19.6826073],[-100.8738922,19.6825938],[-100.873885,19.6825966],[-100.8737398,19.6826526],[-100.8736249,19.6827716],[-100.873478,19.6831224],[-100.8733269,19.6832505],[-100.8732382,19.683266],[-100.873108,19.6832889],[-100.872887,19.6832218],[-100.8727231,19.6831486],[-100.8725466,19.6830634],[-100.8723131,19.6829991],[-100.8720437,19.6828032],[-100.8716989,19.6826713],[-100.871604,19.6826594],[-100.8714983,19.6826463],[-100.8711695,19.6827414],[-100.870978,19.683004],[-100.8710003,19.6832838],[-100.8710232,19.6836178],[-100.8710457,19.6839394],[-100.8708919,19.684166],[-100.8705915,19.6842185],[-100.870322,19.6841978],[-100.8699931,19.6841713],[-100.8696388,19.6841567],[-100.869298,19.6840462],[-100.8689959,19.6838402],[-100.8689845,19.6838324],[-100.8686057,19.6835735],[-100.867989,19.6831492],[-100.8671208,19.6825313],[-100.8665548,19.6820954],[-100.8660015,19.6816597],[-100.8657268,19.681214],[-100.8655656,19.6808172],[-100.8653181,19.6801451],[-100.8650698,19.6795546],[-100.864794,19.6792408],[-100.8646864,19.6791795],[-100.8645168,19.6790828],[-100.8641759,19.6789843],[-100.8638515,19.6789311],[-100.8632911,19.6789445],[-100.8631492,19.6789523],[-100.8625284,19.679066],[-100.8623051,19.6791854],[-100.8621293,19.6792253],[-100.8619543,19.6792253],[-100.8617728,19.6791476],[-100.8616523,19.6790347],[-100.8614849,19.6787076],[-100.861395,19.6784747],[-100.8612178,19.6780682],[-100.8610346,19.6777498],[-100.8605849,19.677412],[-100.8601663,19.6771438],[-100.8596625,19.6768403],[-100.8592846,19.6766336],[-100.8587433,19.6762819],[-100.8583947,19.6760345],[-100.8581672,19.6758052],[-100.8580521,19.6756892],[-100.8576689,19.6753073]],[[-100.8574414,19.6750927],[-100.8571982,19.6748794],[-100.8570045,19.6745622],[-100.8565453,19.6742511],[-100.8558767,19.6739942],[-100.8553459,19.6738943],[-100.8548526,19.6738666],[-100.8544986,19.673816],[-100.8541067,19.6737651],[-100.8536765,19.6737378],[-100.853473,19.6738562],[-100.853281,19.6741185],[-100.8531145,19.674345],[-100.8528728,19.6744871],[-100.8526326,19.6744613],[-100.8521415,19.6741578],[-100.851814,19.6739755],[-100.8515233,19.6739253],[-100.8512569,19.6739952],[-100.8510531,19.6741495],[-100.8508804,19.6743708],[-100.8508484,19.6744118],[-100.8508276,19.6747938],[-100.8508634,19.6754258],[-100.8508506,19.6759679],[-100.8508454,19.6762443],[-100.8508447,19.6762841],[-100.8507416,19.676557],[-100.8506383,19.676796],[-100.8506327,19.6768093],[-100.8505729,19.6769493],[-100.85052,19.6770733],[-100.8503442,19.6775449],[-100.8502614,19.6778077],[-100.8502475,19.6780244],[-100.8502445,19.6780713],[-100.8502371,19.6781873],[-100.8502985,19.6785481],[-100.8502734,19.6788554],[-100.8502679,19.6788704],[-100.8501627,19.6791543],[-100.8499201,19.6794043],[-100.8497292,19.6795227],[-100.8495389,19.6795812],[-100.8493865,19.67964],[-100.8492733,19.6797962],[-100.8492571,19.6799747],[-100.849268,19.6801666],[-100.8493178,19.6803468],[-100.8493011,19.6805547],[-100.8492181,19.6807995],[-100.8491542,19.681053],[-100.849057,19.6811841],[-100.8490091,19.6812031],[-100.8488792,19.6812547],[-100.848708,19.6812293],[-100.8484958,19.6810237],[-100.8482888,19.6807227],[-100.8480869,19.6806492],[-100.8478464,19.6806474],[-100.8476339,19.6807074],[-100.8473762,19.6806919],[-100.8472729,19.6806858],[-100.8471798,19.6806029],[-100.8470684,19.6805469],[-100.8469072,19.6805488],[-100.8466914,19.6806098],[-100.8462861,19.680843],[-100.8461113,19.6809789],[-100.8460099,19.6810304],[-100.8458591,19.6811266],[-100.8456575,19.6811266],[-100.845499,19.6810534],[-100.8454386,19.6809854],[-100.8453966,19.680899],[-100.8446303,19.6802931],[-100.8445354,19.6802959],[-100.8443637,19.6803782],[-100.8443013,19.6804616],[-100.8440915,19.680817],[-100.8440491,19.6808785],[-100.8435863,19.6817651],[-100.8434749,19.681929],[-100.8433005,19.6822258],[-100.8432095,19.682433],[-100.8430947,19.68259],[-100.8428221,19.6828879],[-100.8424061,19.6830646],[-100.8420896,19.6832177],[-100.8418356,19.6833116],[-100.8416261,19.683382],[-100.841468,19.6833688],[-100.8413045,19.6832536],[-100.8412826,19.6831262],[-100.841383,19.6828312],[-100.8414658,19.6825684],[-100.8416047,19.6822056],[-100.8416476,19.6817897],[-100.8416748,19.6815115],[-100.8416387,19.6812834],[-100.8414005,19.6811033],[-100.8412154,19.6810828],[-100.840917,19.6810779],[-100.8406514,19.6812924],[-100.8405949,19.6814662],[-100.8404828,19.6816751],[-100.8403721,19.6818532],[-100.8402465,19.6819252],[-100.8397058,19.6821167],[-100.8394988,19.6823627],[-100.8392043,19.6824561],[-100.8389578,19.682585],[-100.8387698,19.6828309],[-100.8385644,19.6832124],[-100.8382896,19.6833688],[-100.8377901,19.6836191],[-100.8377404,19.6836646],[-100.8377547,19.6837443],[-100.8377251,19.6837842],[-100.8376924,19.6838131],[-100.8376731,19.6838399],[-100.8376557,19.6838615],[-100.8376379,19.683891],[-100.8375993,19.6839515],[-100.8375586,19.6839992],[-100.8375053,19.6840411],[-100.8374477,19.6840791],[-100.8373764,19.6841138],[-100.8370681,19.6842452],[-100.8369903,19.6842895],[-100.8368964,19.684343],[-100.8368839,19.6843587],[-100.8368333,19.6844226],[-100.8367777,19.6845184],[-100.8367306,19.684626],[-100.8366794,19.6847246],[-100.8366147,19.6848076],[-100.8365687,19.6848905],[-100.8365201,19.6849684],[-100.8365024,19.6850625],[-100.836458,19.685137],[-100.8364135,19.6852064],[-100.8363671,19.6852678],[-100.8363123,19.6853188],[-100.8362477,19.6853603],[-100.8361734,19.6853914],[-100.8360895,19.6854121],[-100.8360053,19.6854309],[-100.8359227,19.6854516],[-100.8358416,19.685485],[-100.8357653,19.6855344],[-100.8356928,19.685596],[-100.8356341,19.6856689],[-100.8355812,19.6857461],[-100.8350361,19.6857782],[-100.8349504,19.6857568],[-100.8348593,19.685731],[-100.834793,19.6857159],[-100.8347658,19.6857097],[-100.8346728,19.6856915],[-100.834582,19.6856832],[-100.8344998,19.6856703],[-100.8344285,19.6856409],[-100.8343531,19.6855852],[-100.8342849,19.6855302],[-100.8337974,19.6848963],[-100.8337744,19.6848824],[-100.8337111,19.684844],[-100.833628,19.6847887],[-100.8335456,19.6847406],[-100.8334648,19.6847003],[-100.8333857,19.684662],[-100.8333053,19.6846315],[-100.8332228,19.6846011],[-100.8331369,19.6845786],[-100.8330505,19.684558],[-100.8329655,19.6845436],[-100.8328796,19.6845434],[-100.8327928,19.6845518],[-100.8327063,19.6845784],[-100.8326243,19.6846197],[-100.8325541,19.6846685],[-100.8325132,19.6847046],[-100.8324888,19.6847262],[-100.832418,19.6847775],[-100.8323363,19.6848253],[-100.8322453,19.6848616],[-100.8321476,19.6848845],[-100.8320469,19.6848962],[-100.8319406,19.6849022],[-100.8318308,19.6849015],[-100.831718,19.6848962],[-100.8316051,19.6848873],[-100.8314942,19.6848698],[-100.8314608,19.6848636],[-100.8313827,19.6848492],[-100.8312838,19.6848065],[-100.8311929,19.6847646],[-100.8311042,19.6847174],[-100.8310206,19.6846671],[-100.8309409,19.6846041],[-100.8308966,19.684565],[-100.8308646,19.6845366],[-100.8307325,19.6843863],[-100.8306633,19.6843239],[-100.8304494,19.684131],[-100.8303672,19.6840561],[-100.8302421,19.6839943],[-100.8301649,19.6839415],[-100.8298198,19.6837504],[-100.8294635,19.6837758],[-100.8291581,19.6835722],[-100.8293108,19.6832159],[-100.8295653,19.6830377],[-100.8296595,19.6827335],[-100.8296238,19.6825084],[-100.8295908,19.6822996],[-100.8297944,19.6817396],[-100.8298841,19.6815244],[-100.8299217,19.6814342],[-100.8296272,19.6805873],[-100.8295179,19.6803466],[-100.8294393,19.6800583],[-100.8293516,19.6798467],[-100.8290836,19.6797681],[-100.8287793,19.6797338],[-100.8282591,19.679379],[-100.827701,19.6789421],[-100.8269807,19.6785068],[-100.826625,19.6782484],[-100.8261357,19.6779914],[-100.8257147,19.6778693],[-100.8252742,19.6778039],[-100.8249732,19.6777113],[-100.8247976,19.6776407],[-100.8243306,19.6774932],[-100.8241337,19.6772168],[-100.8238627,19.6768673],[-100.8236289,19.6766725],[-100.8235523,19.6763383],[-100.8235288,19.6760125],[-100.82343,19.6757064],[-100.8232918,19.6752922],[-100.8230273,19.6746716],[-100.822803,19.6742313],[-100.8225915,19.6739259],[-100.8226835,19.6736687],[-100.8227442,19.6734677],[-100.8230292,19.6732038],[-100.8232332,19.672994],[-100.8232753,19.6728533],[-100.8232615,19.6726877],[-100.8231753,19.6724933],[-100.8227459,19.6722692],[-100.8225659,19.6722642],[-100.8221986,19.6722973],[-100.8218942,19.6722983],[-100.821654,19.6721381],[-100.8215273,19.6718955],[-100.821543,19.6715259],[-100.8216998,19.6712129],[-100.8219998,19.6708746],[-100.8220702,19.6707963],[-100.8221304,19.6707117],[-100.8221816,19.6706212],[-100.8222111,19.6705189],[-100.8222071,19.6703957],[-100.8221768,19.6702405],[-100.8221948,19.6701711],[-100.8221774,19.6700483],[-100.8222064,19.6700235],[-100.822186,19.6699053],[-100.8221023,19.6693933],[-100.8221094,19.6693245],[-100.8220112,19.6692412],[-100.8219879,19.6690451],[-100.8219314,19.6689267],[-100.8218736,19.6688078],[-100.8218219,19.6686829],[-100.8217921,19.6685311],[-100.8217543,19.6684421],[-100.8217251,19.6682949],[-100.8216812,19.6680738],[-100.8216519,19.6679599],[-100.8216299,19.6678479],[-100.8216011,19.6677461],[-100.8215629,19.6676399],[-100.8215052,19.667512],[-100.8214921,19.667483],[-100.8214661,19.6674522],[-100.8209928,19.6671926],[-100.8208875,19.6671837],[-100.8207684,19.6671805],[-100.8206504,19.667189],[-100.8205222,19.6672282],[-100.8203988,19.6672411],[-100.8202731,19.667254],[-100.8201524,19.6672756],[-100.8200322,19.6672904],[-100.8199237,19.6672764],[-100.819692,19.6673015],[-100.8195804,19.6673181],[-100.8195723,19.6673214],[-100.8194623,19.6673659],[-100.8193592,19.6673911],[-100.8192761,19.6674234],[-100.8191859,19.6674706],[-100.8191048,19.6675318],[-100.8190334,19.6676098],[-100.8189833,19.6676978],[-100.8189396,19.667797],[-100.8189133,19.6679036],[-100.8188954,19.6680139],[-100.8188627,19.6681149],[-100.8189063,19.6682729],[-100.8192841,19.6696425],[-100.8193845,19.6700062],[-100.8192956,19.6704988],[-100.8192707,19.670631],[-100.8192471,19.6707647],[-100.8192197,19.6708941],[-100.8191855,19.6713971],[-100.8191554,19.6718388],[-100.8189009,19.6720678],[-100.8185703,19.6721087],[-100.8184892,19.6720793],[-100.8183833,19.6719045],[-100.8182867,19.671745],[-100.8182645,19.6716302],[-100.8182479,19.6715167],[-100.8182373,19.6714249],[-100.8182288,19.6713896],[-100.8182096,19.6713105],[-100.818176,19.6712042],[-100.8181274,19.671104],[-100.8180632,19.671012],[-100.8177777,19.6706218],[-100.817677,19.6705392],[-100.8176278,19.6704448],[-100.8175906,19.6703403],[-100.8175543,19.6702284],[-100.8175059,19.6701339],[-100.8174578,19.6700155],[-100.8174,19.669911],[-100.8173335,19.6698112],[-100.8172626,19.6697137],[-100.8172063,19.6696343],[-100.8171558,19.6695341],[-100.8170847,19.6690914],[-100.8170709,19.6689916],[-100.8169896,19.6687438],[-100.8168157,19.6684563],[-100.8167562,19.6682582],[-100.8166299,19.6680517],[-100.8164371,19.668001],[-100.816237,19.6679586],[-100.815945,19.6680642],[-100.8156784,19.6681581],[-100.8154662,19.6680273],[-100.8152917,19.6677671],[-100.8151356,19.6674615],[-100.8149246,19.6673553],[-100.8147431,19.6673209],[-100.8145253,19.6674587],[-100.8143845,19.6676588],[-100.8143516,19.6679199],[-100.814248,19.6681828],[-100.8141829,19.6683981],[-100.814196,19.6686996],[-100.8142162,19.6689259],[-100.8142647,19.6691781],[-100.8143504,19.6695025],[-100.8143346,19.669862],[-100.8140548,19.6700157],[-100.8138185,19.6698958],[-100.8135639,19.6697121],[-100.8132495,19.6693324],[-100.8129956,19.668811],[-100.812924,19.6683782],[-100.8127478,19.6679734],[-100.8124954,19.6675695],[-100.8121863,19.6672203],[-100.8119659,19.6671322],[-100.8117165,19.6669992],[-100.8114469,19.666767],[-100.8112521,19.6664077],[-100.8112009,19.666092],[-100.811387,19.6656836],[-100.8115452,19.6653297],[-100.8115234,19.665086],[-100.8112642,19.6649351],[-100.8109394,19.6648842],[-100.8106567,19.6649416],[-100.8103766,19.6650849],[-100.8102203,19.6652235],[-100.8099719,19.665541],[-100.8098564,19.6656886],[-100.8093996,19.6661905],[-100.8093143,19.6662648],[-100.8092476,19.6663182],[-100.8088728,19.6678428],[-100.8088982,19.6687336],[-100.8092546,19.6693954],[-100.8097636,19.6701335],[-100.8098145,19.6705153],[-100.8096363,19.6707189],[-100.8092291,19.6706171],[-100.8086946,19.6702607],[-100.808107,19.670221],[-100.8076256,19.6702607],[-100.8073966,19.6701589],[-100.8072735,19.6700823],[-100.8071728,19.6699989],[-100.8070635,19.6696025],[-100.8070515,19.6693859],[-100.8071055,19.6690963],[-100.8070261,19.668826],[-100.8068131,19.6685391],[-100.8064478,19.6682808],[-100.8060367,19.6681856],[-100.8055638,19.6680135],[-100.8052586,19.6680973],[-100.8047495,19.6683264],[-100.8043423,19.6685809],[-100.804119,19.6689546],[-100.803902,19.6691646],[-100.8036658,19.6693567],[-100.8035278,19.6694208],[-100.8034006,19.6692427],[-100.8035533,19.6688354],[-100.8037315,19.6683773],[-100.8039068,19.6677835],[-100.8039483,19.666807],[-100.8038135,19.6663651],[-100.8035945,19.6660189],[-100.8035068,19.6659163],[-100.8034002,19.6658135],[-100.8032679,19.6657406],[-100.8031287,19.6657455],[-100.802887,19.6658754],[-100.8026198,19.6660412],[-100.8023902,19.6662492],[-100.8021171,19.6663549],[-100.8019511,19.6665274],[-100.8018535,19.6668264],[-100.8017808,19.6671795],[-100.8015563,19.6675194],[-100.8012711,19.6675651],[-100.8010251,19.6674792],[-100.800767,19.6673213],[-100.8006076,19.6670657],[-100.8006326,19.6667748],[-100.8007673,19.666572],[-100.8010912,19.6664427],[-100.8013891,19.6663911],[-100.801587,19.6661949],[-100.8017407,19.6659803],[-100.8019139,19.6657239],[-100.8020933,19.6654735],[-100.8023179,19.6651156],[-100.8025395,19.6647457],[-100.8027962,19.6643401],[-100.8031022,19.6640787],[-100.8033812,19.664021],[-100.8036849,19.6640234],[-100.8039753,19.6640976],[-100.8041901,19.6642294],[-100.8045906,19.664654],[-100.8048427,19.6647639],[-100.8052142,19.6645623],[-100.8055303,19.6642898],[-100.8058365,19.6640164],[-100.8060259,19.6638134],[-100.8061945,19.6635996],[-100.806273,19.6633125],[-100.8062558,19.6630523],[-100.8061279,19.6627013],[-100.8058251,19.6624338],[-100.8053118,19.6622127],[-100.8048845,19.6621044],[-100.8044948,19.661947],[-100.8037576,19.6616799],[-100.8035878,19.6614698],[-100.8033581,19.6611131],[-100.8030082,19.660602],[-100.8026498,19.6601071],[-100.8026143,19.6597555],[-100.8025828,19.6594669],[-100.802551,19.6592051],[-100.8026056,19.6589697],[-100.8025453,19.6586993],[-100.802366,19.6585819],[-100.8021511,19.6584748],[-100.8019124,19.6584903],[-100.8016779,19.658598],[-100.8014394,19.6586911],[-100.8012293,19.6586944],[-100.8010843,19.6586502],[-100.8008562,19.6585807],[-100.8005587,19.658412],[-100.8003764,19.6583145],[-100.7999542,19.6580749],[-100.7995674,19.657874],[-100.7994613,19.6577399],[-100.7993914,19.6574274],[-100.7993607,19.6571232],[-100.7992212,19.6569626],[-100.7985686,19.6565961],[-100.7977947,19.6562386],[-100.7975771,19.6558904],[-100.7975433,19.6557535],[-100.7975423,19.6555696],[-100.7974998,19.6551725],[-100.7974005,19.6548212],[-100.7971396,19.6545076],[-100.7965252,19.6541434],[-100.7957191,19.6536817],[-100.795324,19.6534906],[-100.7951227,19.6533571],[-100.7947448,19.6531264],[-100.794506,19.6529805],[-100.794091,19.6526775],[-100.7938757,19.6525244],[-100.7937683,19.6524481],[-100.7935971,19.6523189],[-100.7935001,19.6522349],[-100.7934032,19.6521379],[-100.7933192,19.6520216],[-100.7929383,19.6513855],[-100.7927269,19.6509642],[-100.7926241,19.6506141],[-100.7926697,19.6504239],[-100.7926943,19.6501285],[-100.7927556,19.649832],[-100.7927549,19.6495107],[-100.7926463,19.6491775],[-100.792691,19.6489061],[-100.792909,19.6485848],[-100.7931626,19.6480855],[-100.7932033,19.6478169],[-100.7931488,19.6476226],[-100.7931085,19.64747],[-100.7930259,19.647214],[-100.7929267,19.6469854],[-100.7927529,19.6467554],[-100.7925228,19.6466403],[-100.7922944,19.6466787],[-100.7920972,19.6469517],[-100.7920515,19.6471448],[-100.7919353,19.6473513],[-100.7917142,19.6477022],[-100.7913976,19.6481221],[-100.7910558,19.6485712],[-100.7906369,19.6488513],[-100.7905058,19.6489927],[-100.7903238,19.6490396],[-100.7901214,19.6490284],[-100.7899357,19.6489157],[-100.789811,19.6487109],[-100.7896617,19.648422],[-100.7895623,19.6482174],[-100.7894128,19.6479524],[-100.7891212,19.6476585],[-100.7888087,19.6475121],[-100.7884693,19.6474034],[-100.7879899,19.6471642],[-100.7875208,19.6469882],[-100.7872695,19.6468579],[-100.7871276,19.6467844],[-100.786628,19.6466233],[-100.7863134,19.646429],[-100.7862778,19.646165],[-100.7863359,19.6458979],[-100.7864867,19.6457428],[-100.7868782,19.6455343],[-100.7870442,19.6453678],[-100.7870719,19.645204],[-100.7869259,19.6449345],[-100.7867611,19.6446832],[-100.786445,19.6444519],[-100.7860669,19.644281],[-100.7858659,19.6441115],[-100.7858554,19.6438717],[-100.7859959,19.6437289],[-100.7862762,19.6435154],[-100.7864175,19.6432767],[-100.7863316,19.6429763],[-100.7859589,19.6428483],[-100.7856495,19.642839],[-100.7853338,19.6427645],[-100.7850693,19.6426305],[-100.7849317,19.6424496],[-100.7848743,19.6421996],[-100.785012,19.6419587],[-100.7852161,19.6417805],[-100.7853942,19.641674],[-100.7855635,19.6415784],[-100.785688,19.6413646],[-100.785665,19.6411007],[-100.7855026,19.6408716],[-100.7855362,19.6408379],[-100.7853284,19.6405345],[-100.7851586,19.6403177],[-100.7847554,19.6400688],[-100.7843468,19.6399392],[-100.7840814,19.6399011],[-100.7838085,19.6397982],[-100.7835767,19.6395385],[-100.7834672,19.6392487],[-100.7833928,19.6390803],[-100.7833313,19.638876],[-100.7833842,19.6385106],[-100.7834029,19.6384743],[-100.7834774,19.6383109],[-100.7836473,19.6381557],[-100.7840859,19.6379829],[-100.7844034,19.6378536],[-100.7847085,19.6376882],[-100.7847981,19.637581],[-100.7848627,19.6374257],[-100.7848394,19.6372097],[-100.7846771,19.6369566],[-100.7844261,19.6367268],[-100.7842632,19.6365457],[-100.7841128,19.6363886],[-100.7839368,19.6362553],[-100.7838375,19.6361953],[-100.7837355,19.6361338],[-100.7834834,19.6360239],[-100.7831936,19.6358897],[-100.7830231,19.6357451],[-100.7828796,19.6356234],[-100.7826037,19.6353454],[-100.7823031,19.6350073],[-100.7821814,19.6349181],[-100.7819237,19.6348935],[-100.7815581,19.6348335],[-100.7812674,19.6347952],[-100.780939,19.6347326],[-100.7806999,19.6345868],[-100.7805631,19.6343219],[-100.780636,19.6339758],[-100.780824,19.6337391],[-100.7811067,19.6334382],[-100.781266,19.6331836],[-100.7812536,19.6329218],[-100.7810798,19.6327248],[-100.780783,19.6326103],[-100.7804954,19.6324686],[-100.7803121,19.6322716],[-100.7801443,19.6320744],[-100.7801154,19.6320404],[-100.780018,19.6316081],[-100.7799366,19.6311327],[-100.7799462,19.6306949],[-100.7799176,19.6305283],[-100.7798653,19.6303713],[-100.7796517,19.6300792],[-100.7794465,19.6299049],[-100.7793037,19.6297812],[-100.7791609,19.6296051],[-100.7790277,19.6293671],[-100.77884,19.628937],[-100.7785797,19.6283355],[-100.778381,19.6279143],[-100.7782191,19.6276253],[-100.7779696,19.6272396],[-100.7771007,19.6263592],[-100.7767777,19.626115],[-100.7762123,19.6256669],[-100.7758765,19.6253519],[-100.7757481,19.6252315],[-100.7755358,19.6249301],[-100.7753871,19.6245812],[-100.7753535,19.6240894],[-100.775448,19.6234308],[-100.775537,19.6228696],[-100.775521,19.6223524],[-100.7754887,19.6219486],[-100.7752728,19.6213816],[-100.7752436,19.6213277],[-100.7751407,19.6210305],[-100.7751894,19.620732],[-100.7754112,19.6200975],[-100.7755358,19.6196886],[-100.7755492,19.6196444],[-100.7755837,19.6193099],[-100.7754376,19.6189709],[-100.7752131,19.6186094],[-100.7751131,19.6184767],[-100.774749,19.6181741],[-100.7743956,19.6180753],[-100.7739397,19.6181196],[-100.7737111,19.6182136],[-100.7735328,19.6183441],[-100.7734047,19.6185228],[-100.7733273,19.6186901],[-100.7732877,19.6188696],[-100.7732729,19.6191092],[-100.773286,19.6192964],[-100.7734446,19.61971],[-100.7735431,19.6200106],[-100.7736723,19.6203113],[-100.7736923,19.6203738],[-100.7738147,19.6207561],[-100.7739375,19.6211767],[-100.7740972,19.6217055],[-100.7741957,19.622006],[-100.7742683,19.6223662],[-100.7742593,19.6228551],[-100.774173,19.6231207],[-100.7739287,19.6235504],[-100.7737618,19.6238128],[-100.773643,19.6243633],[-100.7735376,19.62483],[-100.7735469,19.6252017],[-100.7734797,19.6256328],[-100.7733688,19.6259805],[-100.7733341,19.626288],[-100.7733742,19.6264683],[-100.7735048,19.6270722],[-100.773676,19.6279016],[-100.7738487,19.6288756],[-100.7740575,19.6296504],[-100.7742088,19.6303742],[-100.7743173,19.6309626],[-100.7744636,19.6315752],[-100.7745849,19.6321636],[-100.7746774,19.632746],[-100.7747161,19.6332635],[-100.7747161,19.6334033],[-100.7746661,19.6338451],[-100.7745771,19.6344241],[-100.774539,19.6346655],[-100.7744701,19.6351027],[-100.7743351,19.6358267],[-100.7740981,19.6368228],[-100.7737411,19.6385944],[-100.7730492,19.6420275],[-100.7725247,19.6446253],[-100.7724998,19.6447463],[-100.772398,19.6452408],[-100.772232,19.6457483],[-100.7720164,19.6461474],[-100.7718395,19.6464749],[-100.7716492,19.6467329],[-100.7715106,19.6469208],[-100.7711626,19.6473579],[-100.7706343,19.6478689],[-100.7699552,19.6485532],[-100.7692569,19.6492612],[-100.7691725,19.6493468],[-100.7689932,19.6495202],[-100.7685973,19.6499306],[-100.7680683,19.6503875],[-100.7677659,19.6506344],[-100.7673016,19.6509009],[-100.7665682,19.6511526],[-100.7663933,19.6512049],[-100.7662402,19.6512507],[-100.7660814,19.6512982],[-100.7653932,19.6515638],[-100.7648612,19.6518373],[-100.7644843,19.6520191],[-100.7641413,19.6521602],[-100.7636716,19.6523242],[-100.7632401,19.6524526],[-100.7627706,19.6525926],[-100.762237,19.652828],[-100.7617415,19.6530398],[-100.7614366,19.6534518],[-100.7611556,19.6539243],[-100.7607506,19.6543799],[-100.7603178,19.6549172],[-100.7598764,19.6555358],[-100.75951,19.6560453],[-100.7594303,19.6561634],[-100.759191,19.6565181],[-100.7588248,19.6570457],[-100.7584302,19.6575825],[-100.7581299,19.6580281],[-100.7578677,19.6584733],[-100.757753,19.6588098],[-100.7576608,19.6592047],[-100.7575419,19.6597553],[-100.7573834,19.6604023],[-100.7574079,19.6609079],[-100.757385,19.661423],[-100.7573572,19.6615046],[-100.7573044,19.6617141],[-100.7572567,19.6619031],[-100.757042,19.6623298],[-100.756769,19.6626577],[-100.756537,19.6627568],[-100.756228,19.6628888],[-100.7554208,19.6632038],[-100.7553164,19.663241],[-100.7548699,19.6633989],[-100.7541648,19.6636839],[-100.7534172,19.6639822],[-100.752649,19.6643691],[-100.7519577,19.6648185],[-100.7508215,19.6655704],[-100.7500449,19.6660658],[-100.7491906,19.6664354],[-100.7484031,19.6668044],[-100.7481943,19.6668968],[-100.7471405,19.6673317],[-100.7458306,19.6678954],[-100.744482,19.6684144],[-100.7443021,19.6684875],[-100.7435705,19.6687846],[-100.7424221,19.6692926],[-100.7412734,19.6697735],[-100.7402765,19.6701897],[-100.740012,19.6703054],[-100.7395944,19.6704881],[-100.7393514,19.6705945],[-100.7391509,19.6706793],[-100.7388571,19.6708229],[-100.7381579,19.6711338],[-100.7381203,19.6711493],[-100.7376213,19.6714014],[-100.7372956,19.6715757],[-100.7366695,19.6717964],[-100.7363887,19.6718678],[-100.7352656,19.6720534],[-100.7341948,19.6722676],[-100.734014,19.6722913],[-100.7336809,19.6722913],[-100.7333239,19.6722866],[-100.7329956,19.6722533],[-100.7328005,19.6722247],[-100.732572,19.6721724],[-100.7323769,19.6721153],[-100.7321818,19.6720391],[-100.7320343,19.6719439],[-100.7318296,19.6718107],[-100.7316964,19.6716917],[-100.7315965,19.6715632],[-100.7314394,19.6713776],[-100.7313633,19.6712111],[-100.73123,19.6709303],[-100.7311682,19.6707637],[-100.731073,19.6705686],[-100.7309588,19.6704449],[-100.7308541,19.670364],[-100.7307113,19.6702783],[-100.7305685,19.6702212],[-100.7303972,19.6701831],[-100.7302211,19.6701689],[-100.7300641,19.6701784],[-100.7299356,19.6702165],[-100.7298119,19.6702688],[-100.7297262,19.6702736],[-100.7296112,19.6703201],[-100.729543,19.6704002],[-100.7294854,19.6704909],[-100.7294425,19.6705922],[-100.7294257,19.6706915],[-100.7294069,19.6707824],[-100.7294034,19.6707995],[-100.7293896,19.6709096],[-100.7293761,19.6710211],[-100.7293676,19.6711334],[-100.7293609,19.6712462],[-100.7293554,19.6713596],[-100.7292948,19.6718099],[-100.7292832,19.6719185],[-100.7292931,19.672021],[-100.7292846,19.6721305],[-100.7292772,19.672239],[-100.7292363,19.6726494],[-100.7291563,19.672891],[-100.7291028,19.673023],[-100.7289743,19.6731765],[-100.7288422,19.6732336],[-100.7286638,19.6732765],[-100.7284104,19.6733228],[-100.7281355,19.6733407],[-100.7278536,19.6733228],[-100.7274895,19.6733014],[-100.7272361,19.6732765],[-100.7269006,19.6732372],[-100.7266115,19.6731908],[-100.7263331,19.6731194],[-100.7261189,19.6729838],[-100.7259619,19.6728267],[-100.7257513,19.6726376],[-100.7255729,19.6724912],[-100.7253123,19.6723877],[-100.7250553,19.6723913],[-100.7248804,19.6724056],[-100.7247807,19.6724756],[-100.7247238,19.6725131],[-100.72432,19.6729113],[-100.724046,19.6730768],[-100.7239181,19.6731221],[-100.7237824,19.673142],[-100.7236429,19.673166],[-100.7235018,19.6731721],[-100.723388,19.6731131],[-100.7232505,19.673077],[-100.7231232,19.6730211],[-100.7230019,19.6729583],[-100.7228905,19.6728753],[-100.7227866,19.6727783],[-100.7226936,19.672666],[-100.7226093,19.6725504],[-100.7225527,19.6724114],[-100.7225144,19.6722644],[-100.7224926,19.6721061],[-100.7224702,19.6719448],[-100.7224398,19.6717809],[-100.7221683,19.6706688],[-100.7221392,19.6705315],[-100.7220661,19.6703784],[-100.7219834,19.6702425],[-100.7218946,19.6701057],[-100.7218,19.6699725],[-100.7216912,19.6698489],[-100.7215987,19.6697132],[-100.7215072,19.6695776],[-100.7214261,19.6694365],[-100.7212397,19.6690048],[-100.7211896,19.6688548],[-100.7211559,19.6687051],[-100.7211069,19.6685586],[-100.7210635,19.6684121],[-100.721022,19.6682668],[-100.7209823,19.668121],[-100.7209416,19.6679762],[-100.7208992,19.6678333],[-100.7208523,19.6676939],[-100.7207991,19.6675499],[-100.7207438,19.667406],[-100.7206873,19.6672605],[-100.7206245,19.6671237],[-100.7205456,19.6670023],[-100.720483,19.6668704],[-100.7203821,19.6665979],[-100.720304,19.6662471],[-100.7203094,19.6660749],[-100.7204309,19.6659383],[-100.7207204,19.6659146],[-100.7208404,19.6659463],[-100.7212262,19.6661605],[-100.7216163,19.6663976],[-100.7219625,19.6666189],[-100.7221308,19.6666699],[-100.7223219,19.6665396],[-100.7223963,19.6664378],[-100.7224052,19.6662251],[-100.722317,19.6660149],[-100.721958,19.6657291],[-100.7215216,19.6653768],[-100.7211168,19.6649742],[-100.7207308,19.6645533],[-100.7203387,19.6643067],[-100.7200655,19.6641669],[-100.7194763,19.6637177],[-100.7190813,19.6634388],[-100.7186862,19.663299],[-100.7182273,19.663186],[-100.7181649,19.663171],[-100.7177588,19.663073],[-100.7174324,19.6628774],[-100.7173574,19.6626486],[-100.7174249,19.6623156],[-100.7175587,19.6619149],[-100.7177411,19.661411],[-100.718071,19.6610555],[-100.7184878,19.6607895],[-100.7188494,19.6607138],[-100.7192978,19.6607366],[-100.7197181,19.6608049],[-100.7199863,19.6609107],[-100.7203978,19.6610513],[-100.7207503,19.6610209],[-100.7210068,19.660928],[-100.721195,19.6606914],[-100.7212303,19.66042],[-100.7211324,19.6601861],[-100.720978,19.6600159],[-100.7206714,19.6598743],[-100.720136,19.659753],[-100.7193909,19.6596336],[-100.7187796,19.6595401],[-100.7181405,19.6595191],[-100.7175779,19.6595245],[-100.7171684,19.6595735],[-100.7167979,19.6597036],[-100.7165431,19.659959],[-100.7162989,19.6603046],[-100.7159257,19.661085],[-100.7157652,19.6614099],[-100.7155803,19.661784],[-100.7155135,19.6619381],[-100.7152266,19.6626004],[-100.7150239,19.6632618],[-100.7148037,19.664077],[-100.714753,19.6642949],[-100.7145574,19.6651362],[-100.714419,19.6655712],[-100.7142028,19.6658624],[-100.7140143,19.6660719],[-100.7137685,19.666273],[-100.7131805,19.6665858],[-100.7124698,19.6670081],[-100.7117304,19.6674307],[-100.7110196,19.667844],[-100.7102801,19.6682576],[-100.7098913,19.668469],[-100.7097966,19.6685242],[-100.7094552,19.6687081],[-100.7090465,19.6688384],[-100.7086464,19.6688784],[-100.7081121,19.6688564],[-100.7076534,19.6688125],[-100.7074247,19.6687906],[-100.7072338,19.6687744],[-100.7067858,19.6687275],[-100.7067347,19.6687222],[-100.7065526,19.6686994],[-100.7058093,19.6686064],[-100.7048078,19.6685115],[-100.7038175,19.668362],[-100.7031283,19.6683308],[-100.7027257,19.6682937],[-100.7026412,19.6682864],[-100.7023802,19.6682637],[-100.702283,19.6682514],[-100.7011025,19.668102],[-100.7010682,19.668099],[-100.7005913,19.6680945],[-100.7003815,19.6680965],[-100.7000104,19.6681723],[-100.6991533,19.6682888],[-100.6972682,19.6685867],[-100.6964209,19.6687211],[-100.6958588,19.6687807],[-100.6954206,19.6688299],[-100.6941638,19.6690225],[-100.6932594,19.6691665],[-100.6925637,19.6692183],[-100.6921342,19.6691862],[-100.6917342,19.6692351],[-100.6911539,19.6693761],[-100.6908582,19.6693698],[-100.6904474,19.6693014],[-100.690152,19.6692176],[-100.6898927,19.669144],[-100.6886011,19.6687496],[-100.6877403,19.6685138],[-100.6864583,19.6681283],[-100.6855878,19.6678745],[-100.6848031,19.6676109],[-100.6841226,19.667292],[-100.6840194,19.6672269],[-100.6839903,19.6672085],[-100.6834602,19.6668737],[-100.6830285,19.6666248],[-100.6828355,19.6664097],[-100.682622,19.6660594],[-100.6824457,19.6656093],[-100.6822603,19.6652046],[-100.6820385,19.6649718],[-100.6817324,19.6648843],[-100.6813989,19.6649055],[-100.6813653,19.6649159],[-100.6811202,19.6649904],[-100.6808798,19.6650677],[-100.6802772,19.6652593],[-100.679954,19.6653526],[-100.6792218,19.6655582],[-100.6786797,19.6656988],[-100.6782326,19.6658114],[-100.6768161,19.6662311],[-100.6760556,19.6664641],[-100.6748384,19.6668097],[-100.6735933,19.6672098],[-100.673378,19.6672733],[-100.6733669,19.6672766],[-100.672884,19.6674193],[-100.6727091,19.6674709],[-100.6724094,19.6675908],[-100.6721772,19.6676837],[-100.6717125,19.6679319],[-100.6710682,19.6683354],[-100.6703772,19.6688387],[-100.6701689,19.6689852],[-100.6694401,19.6695159],[-100.669227,19.6696682],[-100.6690046,19.6698271],[-100.6686638,19.6700742],[-100.6677546,19.6706789],[-100.667231,19.6710487],[-100.6666658,19.6714479],[-100.6663438,19.6716677],[-100.6647022,19.6727647],[-100.6610095,19.6752322],[-100.65985,19.6761866],[-100.6598007,19.6762272],[-100.6593177,19.6765659],[-100.6578675,19.6774376],[-100.6572316,19.6777325],[-100.6568423,19.6779078],[-100.656015,19.6781413],[-100.6543398,19.6784729],[-100.6538353,19.6785679],[-100.651656,19.6790396],[-100.6510755,19.6791624],[-100.6509597,19.6792018],[-100.6506864,19.6792481],[-100.6497908,19.6794453],[-100.6494339,19.6795181],[-100.6494308,19.6795187],[-100.6454317,19.6803344],[-100.6414819,19.6811475],[-100.6404255,19.681365],[-100.6399313,19.6815411],[-100.6393902,19.68179],[-100.6359201,19.6836109],[-100.6328725,19.6852101],[-100.6327301,19.6852837],[-100.6301697,19.6866236],[-100.6301224,19.6866484],[-100.6252123,19.6892178],[-100.6248165,19.689425],[-100.6205381,19.6916639],[-100.6193236,19.6922982],[-100.6190027,19.6924658],[-100.6189972,19.6924686],[-100.6150287,19.6945412],[-100.6150149,19.6945485],[-100.6137684,19.6951994],[-100.6102588,19.6969981],[-100.6102504,19.6970024],[-100.6095781,19.697347],[-100.6091891,19.6974803],[-100.6089741,19.6975423],[-100.6087608,19.6975826],[-100.6084888,19.6976019],[-100.6075742,19.6977185],[-100.6075655,19.6977195],[-100.6068017,19.6978055],[-100.6057449,19.6979246],[-100.6057033,19.6979299],[-100.6053559,19.6979746],[-100.6052573,19.6980187],[-100.6041914,19.6981507],[-100.6041864,19.6981513],[-100.6026131,19.6983461],[-100.6026027,19.6983474],[-100.6025513,19.6983538],[-100.602423,19.6983697],[-100.6024128,19.698371],[-100.6023666,19.6983767],[-100.6022982,19.6983851],[-100.6021755,19.6984003],[-100.6020295,19.6984184],[-100.6013648,19.6985121],[-100.6012653,19.6985005],[-100.6010193,19.6985277],[-100.601001,19.6985297],[-100.5986212,19.6987927],[-100.5980881,19.6988644],[-100.5980659,19.6988674],[-100.5976378,19.698925],[-100.5964085,19.6990601],[-100.5950495,19.6992303],[-100.5950329,19.6992324],[-100.5942856,19.699326],[-100.5937709,19.6993905],[-100.5937266,19.699396],[-100.593341,19.6994443],[-100.5915061,19.6996485],[-100.5915012,19.6996491],[-100.5911886,19.6996839],[-100.5907845,19.6997114],[-100.5907731,19.6997121],[-100.5905199,19.6997112],[-100.590464,19.6997028],[-100.5899218,19.699621],[-100.5898213,19.6996058],[-100.5898176,19.6996053],[-100.5895037,19.6995579],[-100.5884671,19.6994092],[-100.5884019,19.6993999],[-100.5882882,19.6993838],[-100.5882188,19.699374],[-100.5882335,19.6993],[-100.5882611,19.6991606],[-100.5882623,19.6991435],[-100.5882737,19.6990141],[-100.5883168,19.6987699],[-100.5883298,19.6986189],[-100.5883295,19.6985158],[-100.588298,19.6983673],[-100.5882485,19.6982542],[-100.5881712,19.6981334],[-100.5877866,19.6977803],[-100.5877816,19.6977758],[-100.5873512,19.6973807],[-100.5861735,19.6964633],[-100.5855163,19.6960996],[-100.5852272,19.6959807],[-100.5852231,19.6959791],[-100.5847317,19.6957771],[-100.5838039,19.6955994],[-100.583556,19.6955402],[-100.5820412,19.6952058],[-100.5808114,19.6949316],[-100.5801684,19.6947876],[-100.5787525,19.6944707],[-100.5783525,19.6943829],[-100.5776898,19.6942351],[-100.5771056,19.6941047],[-100.5771028,19.6941041],[-100.5769677,19.6940739],[-100.5762082,19.6938985],[-100.576109,19.6938763],[-100.5761004,19.6938744],[-100.5755888,19.6937409],[-100.5749997,19.693612],[-100.5744947,19.6935003],[-100.5739731,19.6933734],[-100.5733824,19.69325],[-100.5729217,19.6931197],[-100.5728697,19.693105],[-100.5725702,19.6930216],[-100.5722033,19.6929269],[-100.5718022,19.6928234],[-100.5716387,19.6927812],[-100.5704375,19.6922627],[-100.5704239,19.6922568],[-100.5691154,19.6916919],[-100.5685543,19.6914475],[-100.5682177,19.6912906],[-100.5681996,19.6912821],[-100.5677566,19.6910756],[-100.5672757,19.6908754],[-100.5669488,19.6907152],[-100.5665961,19.6905529],[-100.5665921,19.690551],[-100.5663199,19.6904257],[-100.5659914,19.6902745],[-100.5658278,19.690189],[-100.5656766,19.6901157],[-100.5655004,19.6900241],[-100.5652992,19.6898963],[-100.5652367,19.6898503],[-100.5652303,19.6898457],[-100.5649852,19.6896655],[-100.5649459,19.6896361],[-100.5645958,19.6893741],[-100.564562,19.6893467],[-100.5642883,19.6891254],[-100.5638489,19.6887855],[-100.5633534,19.6883551],[-100.5631775,19.6882336],[-100.5629771,19.6881192],[-100.5629595,19.6881092],[-100.5627957,19.6880357],[-100.5626701,19.6879797],[-100.5626445,19.6879683],[-100.5624803,19.6879308],[-100.5623705,19.6879171],[-100.5622717,19.6879049],[-100.5621009,19.6879032],[-100.561379,19.6880696],[-100.56069,19.6882619],[-100.5605072,19.6883119],[-100.5595331,19.6886176],[-100.5593162,19.6886745],[-100.5593048,19.6886774],[-100.5586044,19.6888609],[-100.5585209,19.6888703],[-100.5575405,19.6887476],[-100.5575627,19.6886638],[-100.5575756,19.688566],[-100.5576625,19.6878995],[-100.5581932,19.6879702]]]}}]}
